episode,provider,aggregator,step,reward,total reward,open,high,low,close,volume,position delta,position,balance,initial balance,time weighted return,rate of return,sharpe ratio,sortino ratio,calmar ratio
1,ETHUSDT@Binance(k),time@60,128,-0.24206760577493158,-17.52951613652383,3692.0,3692.0,3690.429931640625,3691.8798828125,238.48061084747314,-1,0,8398.707316921562,10000,-0.1584461606291021,1.7352578507561696,0.2190895972212883,0.3662625383841855,0.17554266690561032
2,ETHUSDT@Binance(k),time@60,128,-0.25524698615441155,-17.258053233327395,3003.97998046875,3003.97998046875,3003.64990234375,3003.929931640625,112.24267768859863,-1,0,8421.675467041883,10000,0.002734724434800162,1.3941693996348137,0.2115272386375026,0.35281889166284114,0.17729628025641886
3,ETHUSDT@Binance(k),time@60,128,-0.24612356289586135,-17.8296290539564,3557.199951171875,3557.199951171875,3555.6201171875,3555.659912109375,129.0751438140869,-1,0,8373.462075355978,10000,-0.005724916838054983,1.6770116100925414,0.21572374602495206,0.360804213476512,0.17406188372208278
4,ETHUSDT@Binance(k),time@60,128,-0.24577805331240654,-18.096934356135073,3388.2352966308595,3391.5400390625,3387.0,3389.0,479.3501863479614,-1,0,8350.955044735643,10000,-0.0026879002278612507,1.5878076224801634,0.2182749238442226,0.36375574015133966,0.18126159057622585
5,ETHUSDT@Binance(k),time@60,128,-0.253534565780944,-14.239834313872912,3578.579089111328,3579.800048828125,3576.39990234375,3576.699951171875,361.8219738006592,-1,0,8678.557160846392,10000,0.03922929944608611,1.7115289207802735,0.22425393547620406,0.37477651891514957,0.1820596690206368
6,ETHUSDT@Binance(k),time@60,128,-0.17251926157416664,-18.0140340698193,4006.5143298339844,4014.969970703125,4002.31005859375,4012.530029296875,1377.521369934082,-1,0,8358.105761525774,10000,-0.036924501778514474,1.9218028805393417,0.2244597564366468,0.37553342790066896,0.1793452843450714
7,ETHUSDT@Binance(k),time@60,128,-0.2403190288608803,-17.393768441008238,3921.530029296875,3922.139892578125,3921.530029296875,3922.1298828125,542.0015664100647,-1,0,8410.204220078373,10000,0.006233285392537091,1.869611943338346,0.22387495355114875,0.37443007824080116,0.18025653966865662
8,ETHUSDT@Binance(k),time@60,128,-0.23135895611335888,-18.07676925134152,3913.2099609375,3915.830078125,3913.2099609375,3913.81005859375,298.20804023742676,-1,0,8352.846777768302,10000,-0.006819982108534961,1.8285319688622759,0.2227939835023726,0.3727155069618493,0.1772955617148189
9,ETHUSDT@Binance(k),time@60,128,-0.2184344055600973,-16.36826056815449,3138.0899946289064,3142.52001953125,3137.14990234375,3137.919921875,479.62585258483887,-1,0,8496.885916116204,10000,0.01724431707897245,1.4286532112999906,0.2134470068445025,0.3562802871542496,0.1768457944137357
10,ETHUSDT@Binance(k),time@60,128,-0.26306094496578725,-8.94767015041132,3875.14990234375,3875.14990234375,3872.60009765625,3873.0,432.8792767524719,-1,0,9131.893215357324,10000,0.07473412088971165,1.915529296754584,0.24215343624301697,0.4070925036746697,0.19674876252241535
11,ETHUSDT@Binance(k),time@60,128,-0.2637668237274404,-17.63875980911882,3978.199951171875,3978.199951171875,3974.590087890625,3978.0,454.1699914932251,-1,0,8389.490898969283,10000,-0.08129774394859601,1.8775714970018489,0.2189625192563367,0.36675723604323696,0.17284865887488865
12,ETHUSDT@Binance(k),time@60,128,-0.25932731425241107,-17.88776257707233,2222.7587996826173,2223.8701171875,2221.39990234375,2221.72998046875,390.68096351623535,-1,0,8368.718595783092,10000,-0.0024759909077136655,0.9909757232830336,0.20072418084840596,0.3322644791191033,0.1829064249957713
13,ETHUSDT@Binance(k),time@60,128,-0.2411261765243533,-19.00721638433353,2473.0,2473.010009765625,2473.0,2473.010009765625,38.62395703792572,-1,0,8274.412613464374,10000,-0.011268867657497905,1.1062288619231644,0.19573942142747247,0.3250831729764721,0.1711813634904598
14,ETHUSDT@Binance(k),time@60,128,-0.23619192109223253,-18.003447119929564,2982.389892578125,2985.9599609375,2982.389892578125,2983.18994140625,599.6849303245544,-1,0,8358.902765924664,10000,0.010211015138743118,1.3684943713326672,0.2092004925321362,0.34863519006334076,0.17568946787006098
15,ETHUSDT@Binance(k),time@60,128,-0.24023834404059974,-17.292040131970627,3253.647219482422,3256.7900390625,3252.010009765625,3255.0,223.86874198913574,-1,0,8418.731766324883,10000,0.0071575184058969565,1.5220911782695776,0.21747590155009408,0.3627974745419391,0.1814447233005244
16,ETHUSDT@Binance(k),time@60,128,-0.26723135577904067,-17.059597786035383,3401.4591472167967,3401.4591472167967,3399.89990234375,3399.909912109375,161.53292274475098,-1,0,8437.868761748337,10000,0.0022731446914607822,1.6021046725609813,0.21831954495656963,0.36421101237613446,0.17768765004293366
17,ETHUSDT@Binance(k),time@60,128,-0.2753336704861553,-17.485056744856468,3220.60009765625,3220.60009765625,3219.0,3219.010009765625,351.7341079711914,-1,0,8402.498996038736,10000,-0.004191789029706405,1.497812089853636,0.2172937785368826,0.36239111499109883,0.1812300248426411
18,ETHUSDT@Binance(k),time@60,128,-0.21383496052272966,-17.296258717788245,3265.669921875,3268.300048828125,3265.669921875,3267.14990234375,243.5262861251831,-1,0,8418.391037689536,10000,0.0018913470454797743,1.525120264860232,0.21518657487058604,0.35910552701135207,0.17717231207630005
19,ETHUSDT@Binance(k),time@60,128,-0.21491002618634347,-17.524083657687505,2315.949951171875,2317.0,2315.949951171875,2316.989990234375,303.40182304382324,-1,0,8399.313509183597,10000,-0.0022661727663305653,1.0264860862957608,0.19993577000969762,0.3315787826194112,0.1778175123232817
20,ETHUSDT@Binance(k),time@60,128,-0.22958011631526443,-17.201726864167888,2653.64990234375,2653.93994140625,2653.64990234375,2653.93994140625,101.38559579849243,-1,0,8426.416690906095,10000,0.003226832965915749,1.2081252307451236,0.21057344217785492,0.3499506702593884,0.1837622357868882
21,ETHUSDT@Binance(k),time@60,128,-0.26120581059364545,-17.430076590146005,3116.300048828125,3116.300048828125,3114.18994140625,3115.840087890625,60.477577805519104,-1,0,8407.153119046761,10000,-0.0022860929581288714,1.4382297059160574,0.21549489918496909,0.35921683637233304,0.18115610760874987
22,ETHUSDT@Binance(k),time@60,128,-0.15481166426981607,-17.17676011614303,3772.5369624023438,3777.590087890625,3770.64990234375,3777.580078125,533.7068023681641,-1,0,8428.336545405666,10000,0.002519690798888252,1.7904521094854742,0.2232955486583356,0.37347583706026416,0.18004100371561785
23,ETHUSDT@Binance(k),time@60,128,-0.28467746892326673,-28.243906809792474,2909.409912109375,2909.419921875,2909.409912109375,2909.419921875,124.68653869628906,-1,0,7511.262413309228,10000,-0.1088084377214793,1.2614543486590877,0.1804892058856802,0.29599530216952596,0.15086267685777932
24,ETHUSDT@Binance(k),time@60,128,-0.2599914872023934,-18.64691375164552,2888.2057998046876,2889.659912109375,2886.75,2888.0,185.18950748443604,-1,0,8305.275187520516,10000,0.10570963048826121,1.3251592588815309,0.2079179710521742,0.3461131125342107,0.1748607932440536
25,ETHUSDT@Binance(k),time@60,128,-0.19541653067410847,-17.136671862502112,3737.3298111572267,3743.56005859375,3737.0,3738.949951171875,404.89316177368164,-1,0,8431.917119953785,10000,0.0152483728201529,1.8002077679080664,0.22284483499196822,0.37266812227422796,0.18152519149373222
26,ETHUSDT@Binance(k),time@60,128,-0.21402774301773064,-17.339044126122673,2948.3340274658203,2948.820068359375,2948.3340274658203,2948.81005859375,288.4346008300781,-1,0,8414.88890386289,10000,-0.0020194951929251026,1.3637835691838722,0.21470391232191846,0.35763130295041046,0.18321301672947138
27,ETHUSDT@Binance(k),time@60,128,-0.23003431159274168,-17.24405786837401,3329.360107421875,3331.030029296875,3329.360107421875,3330.3701171875,70.83922386169434,-1,0,8422.870847512255,10000,0.0009485500926458279,1.5590359010605825,0.21867807974910847,0.3651205906729778,0.1818757831595341
28,ETHUSDT@Binance(k),time@60,128,-0.22849063892090848,-18.17681940814766,3011.510009765625,3014.110107421875,3011.510009765625,3012.919921875,233.2069606781006,-1,0,8344.518053506654,10000,-0.009302385780821987,1.384335696812942,0.21419848775304975,0.3565036842801819,0.18031818895829785
29,ETHUSDT@Binance(k),time@60,128,-0.28261160755038706,-18.01714022830857,3806.286891357422,3809.800048828125,3802.39990234375,3803.81005859375,393.0195758342743,-1,0,8357.707695535693,10000,0.001580635567502764,1.7732670239012462,0.2195004199719296,0.3671236414246831,0.17497418294832312
30,ETHUSDT@Binance(k),time@60,128,-0.26266944468985587,-17.731184139835396,3025.922674560547,3026.64990234375,3024.39990234375,3025.360107421875,136.9120810031891,-1,0,8381.900408403846,10000,0.0028946588884746216,1.3998361513245852,0.21492225581834457,0.3580518942980886,0.18175308973326643
31,ETHUSDT@Binance(k),time@60,128,-0.22239932500940363,-17.159403904275187,3038.530029296875,3039.800048828125,3038.530029296875,3039.7900390625,58.79797554016113,-1,0,8429.994174516065,10000,0.0057378116857604855,1.414126064004642,0.21112931859589862,0.3523080205055858,0.17618829527086605
32,ETHUSDT@Binance(k),time@60,128,-0.22434273506360958,-17.07884635531828,2468.719970703125,2469.6201171875,2468.719970703125,2469.330078125,303.22062158584595,-1,0,8436.829009257553,10000,0.0008107757372060043,1.122191211217015,0.2074361501074559,0.34437830041836964,0.18480818856210965
33,ETHUSDT@Binance(k),time@60,128,-0.23738081210203932,-17.20188244031863,2230.1449921875,2231.27001953125,2228.800048828125,2228.97998046875,226.6325535774231,-1,0,8426.45755838861,10000,-0.001229306752284165,0.9981675873175591,0.2025146536760885,0.3355356462464425,0.18491917624855214
34,ETHUSDT@Binance(k),time@60,128,-0.2256761638101179,-17.513153238737736,3062.0,3063.449951171875,3062.0,3063.43994140625,99.27672624588013,-1,0,8400.143466115616,10000,-0.0031227941386601232,1.418223704565389,0.21605449893403111,0.36006197786731997,0.18222323546709865
35,ETHUSDT@Binance(k),time@60,128,-0.2398449240662237,-17.591791077237534,2949.239990234375,2953.389892578125,2949.239990234375,2949.239990234375,860.9428062438965,-1,0,8393.561455295232,10000,-0.0007835593340674851,1.3526606758886714,0.21417304605138265,0.35656826335819847,0.18283115997738228
36,ETHUSDT@Binance(k),time@60,128,-0.20929428360608737,-16.740243358220695,2929.8750421142577,2932.43994140625,2928.080078125,2931.81005859375,293.94312143325806,-1,0,8465.479600567685,10000,0.00856825146935547,1.3574563379661502,0.2147506858188344,0.35784322262328544,0.18386823451796772
37,ETHUSDT@Binance(k),time@60,128,-0.2085176461020133,-19.408095692319993,3148.1442109375,3150.0,3146.570068359375,3149.35009765625,179.49037647247314,-1,0,8240.478402843517,10000,-0.026578671066561532,1.4453292309997505,0.2054683074585503,0.3430323483215124,0.1697683633258748
38,ETHUSDT@Binance(k),time@60,128,-0.2494410768308919,-17.289468417533953,3117.0716103515624,3118.6298828125,3114.4599609375,3114.4599609375,161.47636485099792,-1,0,8419.053159393954,10000,0.021670435601022442,1.4527469443389478,0.21300974080017815,0.3553170358595453,0.17681983416649713
39,ETHUSDT@Binance(k),time@60,128,-0.20013919320946982,-17.456644058199725,2908.0252083740234,2913.989990234375,2906.570068359375,2911.68994140625,471.14895272254944,-1,0,8404.926688699547,10000,-0.0016779167950311535,1.3743065195007609,0.21431684073828935,0.3568403193980824,0.18468237089257092
40,ETHUSDT@Binance(k),time@60,128,-0.23419808932472197,-18.015258237843813,3107.0,3107.0,3106.0,3107.0,65.81816864013672,-1,0,8357.953433507013,10000,-0.0055887763132650425,1.4342885178007665,0.2106818113543239,0.3515911639634724,0.17462836758575906
41,ETHUSDT@Binance(k),time@60,128,-0.22502476929555648,-18.33262897322171,3080.239990234375,3085.39990234375,3080.239990234375,3081.4599609375,407.9456043243408,-1,0,8331.419194046743,10000,-0.0031747292768952162,1.409041450964379,0.21501408970019256,0.3581081285377627,0.17999187857991653
42,ETHUSDT@Binance(k),time@60,128,-0.25844731836569546,-18.64622331158344,3098.75,3098.75,3096.5400390625,3096.550048828125,258.4576663970947,-1,0,8305.13613125915,10000,-0.003154692156933425,1.4352106580810504,0.20936455034517656,0.34927689610838386,0.17363225348449687
43,ETHUSDT@Binance(k),time@60,128,-0.2248261688811648,-17.508910129862297,3301.780029296875,3301.780029296875,3301.199951171875,3301.199951171875,49.281874895095825,-1,0,8400.4793022785,10000,0.011480025072738487,1.5469614608786333,0.218043355693477,0.36378581493478257,0.18109867561590648
44,ETHUSDT@Binance(k),time@60,128,-0.28735117972221724,-17.934813880762416,3433.800048828125,3433.800048828125,3431.39990234375,3431.409912109375,214.40816974639893,-1,0,8364.54317640826,10000,-0.004277866128482022,1.5874982478361326,0.21385650738271253,0.35764418627760197,0.174789428898267
45,ETHUSDT@Binance(k),time@60,128,-0.22842457247818082,-17.161190147781603,2340.25,2340.9599609375,2340.25,2340.25,100.45702505111694,-1,0,8429.899885635474,10000,0.00781354197698958,1.0489617263562958,0.20525779598209823,0.34031751350709083,0.18511946883009514
46,ETHUSDT@Binance(k),time@60,128,-0.21831600542080443,-17.345067264177263,2245.360107421875,2246.5,2245.360107421875,2246.5,194.53779077529907,-1,0,8414.391742316631,10000,-0.0018396592520940613,0.9955147581192745,0.20304568204113227,0.3361767715430735,0.1852337881151393
47,ETHUSDT@Binance(k),time@60,128,-0.241910357961983,-19.238904018629796,2377.60009765625,2378.77001953125,2377.60009765625,2378.77001953125,315.85205268859863,-1,0,8255.383383783676,10000,-0.018897189886381338,1.0537331853319634,0.19382720608562765,0.3215239190102503,0.17109647088302113
48,ETHUSDT@Binance(k),time@60,128,-0.17717672633459358,-17.97676364625979,3646.5366123046874,3649.8701171875,3644.110107421875,3649.8701171875,375.078800201416,-1,0,8361.135693966007,10000,0.012810102846351645,1.7382693698814542,0.2212755805593294,0.369597519117867,0.18066669582209816
49,ETHUSDT@Binance(k),time@60,128,-0.25788662954936425,-18.27772768455546,3479.181704345703,3480.919921875,3471.949951171875,3475.889892578125,966.7219333648682,-1,0,8335.913012310455,10000,-0.0030166573751166936,1.6421472919502569,0.2143131957814817,0.35820553541616135,0.17315803449289544
50,ETHUSDT@Binance(k),time@60,128,-0.16941988942809072,-13.764992902700445,3614.018275878906,3621.050048828125,3612.2099609375,3617.409912109375,455.3618812561035,-1,0,8720.131286899654,10000,0.046091924666416206,1.735532150070036,0.22339276689531506,0.373650591947788,0.1822450676449931
51,ETHUSDT@Binance(k),time@60,128,-0.24022907482930123,-17.574851019223647,3570.8701171875,3573.969970703125,3570.8701171875,3572.43994140625,207.79647636413574,-1,0,8394.97019083059,10000,-0.037288555111268606,1.677117593459801,0.21645365769704536,0.3619699735069271,0.174088822585725
52,ETHUSDT@Binance(k),time@60,128,-0.2536868145030846,-17.21426908664763,3615.8214353027342,3618.27001953125,3615.52001953125,3616.199951171875,132.6649694442749,-1,0,8425.342592001529,10000,0.003617928411956184,1.691347516211982,0.2176845201176621,0.3641262082920195,0.17550849037305571
53,ETHUSDT@Binance(k),time@60,128,-0.25904303878387935,-17.766496069489623,3538.4615705566407,3540.22998046875,3533.409912109375,3538.469970703125,415.20018577575684,-1,0,8378.75231597622,10000,-0.005529778227598814,1.650133378107824,0.21945140670612126,0.36662250172642336,0.17977842221349918
54,ETHUSDT@Binance(k),time@60,128,-0.22990109358750344,-17.641032220125094,2983.7615695800782,2984.199951171875,2982.0,2982.93994140625,110.66267442703247,-1,0,8389.344300827455,10000,0.0012641482230031365,1.3650761613412778,0.21435133819765098,0.35671240135423354,0.18136766062818613
55,ETHUSDT@Binance(k),time@60,128,-0.23087650741326904,-17.436094286839342,3111.4540197753904,3111.4540197753904,3110.949951171875,3110.9599609375,230.05257368087769,-1,0,8406.704186337745,10000,0.0020692779897679703,1.4419832514055018,0.21645496073003084,0.3607579909902528,0.18222084693832666
56,ETHUSDT@Binance(k),time@60,128,-0.2305846824810942,-17.689388793071974,3152.0400390625,3152.0400390625,3151.199951171875,3151.199951171875,147.57201957702637,-1,0,8385.396263479564,10000,-0.0025346345471269904,1.4708274332373084,0.21263806251015685,0.3548528998522598,0.1760332029553758
57,ETHUSDT@Binance(k),time@60,128,-0.20917436340937012,-17.413943861088406,3042.3435733642577,3053.2099609375,3040.81005859375,3046.239990234375,1170.684928894043,-1,0,8408.473386884285,10000,0.0027520611643876425,1.4497690210438958,0.21520990242208266,0.3587719622739558,0.18234875988442206
58,ETHUSDT@Binance(k),time@60,128,-0.2235898024751437,-17.425287429833258,3322.260482666016,3323.6201171875,3317.919921875,3323.6201171875,527.8827028274536,-1,0,8407.554821489217,10000,-0.00010924282599256152,1.5541533924209534,0.2181509696263006,0.3639966483198343,0.18121078896804477
59,ETHUSDT@Binance(k),time@60,128,-0.25463290963315677,-17.953524515999334,3508.9599609375,3508.9599609375,3507.610107421875,3507.6201171875,55.18157422542572,-1,0,8363.211885335511,10000,-0.0052741774624365245,1.633672181709611,0.21631376213867617,0.36163924737614395,0.17435494830926054
60,ETHUSDT@Binance(k),time@60,128,-0.25340342970423535,-19.345961273302716,3577.4712521972656,3577.4712521972656,3575.77001953125,3577.10009765625,225.40892934799194,-1,0,8246.984481728512,10000,-0.013897460114672189,1.6749501032243876,0.2131028906335061,0.3562259099940434,0.1710481954617149
61,ETHUSDT@Binance(k),time@60,128,-0.089082474443547,-15.86984294684659,3477.3103884277343,3488.4599609375,3472.820068359375,3487.949951171875,1403.0019149780273,-1,0,8538.99709362239,10000,0.03540841049729537,1.6228305282382411,0.22033978571249468,0.36781320384913363,0.17922990234065878
62,ETHUSDT@Binance(k),time@60,128,-0.24273806631661676,-17.317891227548532,2911.989990234375,2911.989990234375,2909.5,2911.669921875,74.67522424459457,-1,0,8416.58997708664,10000,-0.014335069469362138,1.3526118330478518,0.21389147452321994,0.35614562786409926,0.18282164308452645
63,ETHUSDT@Binance(k),time@60,128,-0.24630777787383318,-17.220208817071946,3604.81221484375,3606.320068359375,3602.5,3605.409912109375,116.76129493117332,-1,0,8424.812163129578,10000,0.00097690229241576,1.715839212153171,0.2215293217168285,0.37033631026539177,0.1810403729778624
64,ETHUSDT@Binance(k),time@60,128,-0.254399173404396,-17.267216619731386,2356.0,2356.0,2354.159912109375,2355.699951171875,182.56530952453613,-1,0,8420.884577082845,10000,-0.0004661927139364419,1.0503460624128265,0.20444984765246865,0.33921996698837836,0.18402057131645067
65,ETHUSDT@Binance(k),time@60,128,-0.25217021951529084,-17.64400505808632,2437.989990234375,2439.090087890625,2437.989990234375,2438.0,118.9291934967041,-1,0,8389.207710896806,10000,-0.003761702929909405,1.1004932395683567,0.2054575409427628,0.34083469787402104,0.18283081620279582
66,ETHUSDT@Binance(k),time@60,128,-0.24694453039789677,-16.03365604780129,2678.699951171875,2678.699951171875,2675.81005859375,2676.260009765625,630.7275295257568,-1,0,8523.947617859623,10000,0.016061100357283697,1.2293961547665477,0.21506790900183193,0.3570531731226442,0.18499838999666746
67,ETHUSDT@Binance(k),time@60,128,-0.2273885679461185,-17.4391859796264,2221.9588208007813,2223.550048828125,2221.43994140625,2222.02001953125,325.78398513793945,-1,0,8406.40639416867,10000,-0.013789529096199904,0.9924514868482,0.20187237051962253,0.33396498678651293,0.18479270690795982
68,ETHUSDT@Binance(k),time@60,128,-0.25811364054041386,-17.709846492976503,3149.535369873047,3151.110107421875,3147.840087890625,3147.85009765625,144.09209775924683,-1,0,8383.626473581737,10000,-0.0027098286138943495,1.4587229389930192,0.2166778078335188,0.36122215916523204,0.18184460828152557
69,ETHUSDT@Binance(k),time@60,128,-0.21689107641974514,-17.23349938361817,2773.4599609375,2775.139892578125,2773.4599609375,2775.139892578125,561.6196727752686,-1,0,8423.742466570886,10000,0.004785040592583112,1.2789409641213505,0.21256889516540134,0.3537369688197242,0.18422677974208362
70,ETHUSDT@Binance(k),time@60,128,-0.23100524695591762,-17.334359586713763,2987.919921875,2989.929931640625,2987.919921875,2989.929931640625,120.69107627868652,-1,0,8415.159535322506,10000,-0.0010188976315976817,1.390186374728838,0.21497504338799547,0.3582008498853977,0.183212139770653
71,ETHUSDT@Binance(k),time@60,128,-0.21978100160875425,-18.05693259997884,3056.501421875,3056.580078125,3056.39990234375,3056.570068359375,260.64819717407227,-1,0,8354.473005533217,10000,-0.007211572107997832,1.4168502976831563,0.21014536954639199,0.35070062321280066,0.17546577016603684
72,ETHUSDT@Binance(k),time@60,128,-0.24252160283395607,-16.985128818927837,2541.659912109375,2541.659912109375,2540.2099609375,2541.139892578125,408.95325088500977,-1,0,8444.707317386248,10000,0.010800718584316193,1.1524547776504699,0.20924062294307527,0.34771139982725174,0.1846773474342229
73,ETHUSDT@Binance(k),time@60,128,-0.23661855335385118,-17.331284981871583,2281.679931640625,2282.340087890625,2281.679931640625,2281.68994140625,27.718153476715088,-1,0,8415.541251704419,10000,-0.003453768684413827,1.0159567482740177,0.20360117920831297,0.3373448000603149,0.18476832858239553
74,ETHUSDT@Binance(k),time@60,128,-0.2295952230582765,-17.104568984216392,2278.820068359375,2279.31005859375,2278.820068359375,2278.830078125,47.2882604598999,-1,0,8434.666540752389,10000,0.0022726154475316562,1.0205605215257891,0.20354279549882842,0.3373396319817126,0.18481186820679488
75,ETHUSDT@Binance(k),time@60,128,-0.19980954871107182,-17.115412190885362,3088.320068359375,3095.3701171875,3088.320068359375,3092.97998046875,332.94133853912354,-1,0,8433.689768878276,10000,-0.0001158044445965789,1.438043627569052,0.21693006946045273,0.3616243315283906,0.1837906224142074
76,ETHUSDT@Binance(k),time@60,128,-0.21684157028646345,-17.11055377889384,3689.7747572021485,3692.280029296875,3689.159912109375,3689.60009765625,275.74832010269165,-1,0,8434.10280626534,10000,4.8974695344261576e-05,1.7539233488341397,0.22223155116802576,0.37156643554232016,0.1812330536275802
77,ETHUSDT@Binance(k),time@60,128,-0.25655272815365837,-16.888830910629228,3319.75,3319.75,3315.679931640625,3316.35009765625,161.43366050720215,-1,0,8452.691935780345,10000,0.0022040435055166174,1.5806647083276562,0.21853897240095915,0.3650694900899764,0.18289892616167674
78,ETHUSDT@Binance(k),time@60,128,-0.22692467883302925,-17.803057226799964,3931.199951171875,3931.199951171875,3930.590087890625,3931.18994140625,74.28893089294434,-1,0,8375.827461229877,10000,-0.009093490586720043,1.8716651675008922,0.22363641796620387,0.3738773085537678,0.17964005983738876
79,ETHUSDT@Binance(k),time@60,128,-0.24451736579608196,-18.290259230835048,3932.570068359375,3932.570068359375,3931.820068359375,3932.570068359375,65.07710933685303,-1,0,8334.876497319487,10000,-0.004889184274620928,1.8703485695307416,0.21780529104784999,0.3647246325559244,0.17259551485154995
80,ETHUSDT@Binance(k),time@60,128,-0.23942410250474833,-17.71247387885797,2304.0,2304.0,2303.8701171875,2303.8701171875,32.47659873962402,-1,0,8383.426968094373,10000,0.005824977825467759,1.0303926263559269,0.19856036629454651,0.32939641769260214,0.17722083857658505
81,ETHUSDT@Binance(k),time@60,128,-0.26012729893385433,-16.897453922130744,2909.0,2909.0,2908.0,2908.409912109375,70.53840780258179,-1,0,8452.149721809194,10000,0.008197453616087813,1.3496288453608816,0.21436624248835132,0.35711087927128704,0.18344503312000782
82,ETHUSDT@Binance(k),time@60,128,-0.19161056963745704,-17.819238239935096,2680.3191296386717,2682.989990234375,2680.139892578125,2682.89990234375,257.0236186981201,-1,0,8374.495844228837,10000,-0.009187470659681618,1.2111142730573774,0.2068196104984411,0.34393961801798156,0.1766851785057078
83,ETHUSDT@Binance(k),time@60,128,-0.23629436838819018,-17.29404505522129,2485.06005859375,2485.110107421875,2485.06005859375,2485.110107421875,39.14881908893585,-1,0,8418.662104958146,10000,0.00527390084738566,1.1290028096786044,0.2075743904257595,0.3445061318052498,0.18411662562502046
84,ETHUSDT@Binance(k),time@60,128,-0.22622803714401618,-18.021023728503287,2957.47998046875,2958.8798828125,2957.47998046875,2957.47998046875,63.437814712524414,-1,0,8357.532208646273,10000,-0.007261236470801902,1.3648605316534566,0.20926601488523364,0.34884743114834266,0.17557568235878832
85,ETHUSDT@Binance(k),time@60,128,-0.24555233015396416,-17.167031991990935,2217.6406724853514,2220.5,2216.81005859375,2218.0,694.2859153747559,-1,0,8429.290639905039,10000,0.00858607893661767,0.9777793548005915,0.2015930503405646,0.3338903954933686,0.18424128288984679
86,ETHUSDT@Binance(k),time@60,128,-0.23454619503684437,-17.40538366874568,2503.2900390625,2503.2900390625,2502.280029296875,2503.280029296875,17.809208512306213,-1,0,8409.281463543959,10000,-0.002373767522779624,1.1363053280785202,0.20363368441063506,0.33848562067548515,0.17804820228024476
87,ETHUSDT@Binance(k),time@60,128,-0.24730260710789098,-17.346990151494246,2776.570068359375,2776.580078125,2776.570068359375,2776.570068359375,137.23278427124023,-1,0,8414.19347564609,10000,0.0005841179324801438,1.2788201334518712,0.2122822388095982,0.35313166603795615,0.1833461236639305
88,ETHUSDT@Binance(k),time@60,128,-0.24149618366129388,-17.245647535748894,2513.989990234375,2513.989990234375,2513.97998046875,2513.989990234375,49.75163173675537,-1,0,8422.763232658026,10000,0.0010184882290553698,1.147304360963969,0.2083557047967765,0.3460521831446355,0.1848369907571473
89,ETHUSDT@Binance(k),time@60,128,-0.273764082863015,-17.249777146940346,2985.56005859375,2985.56005859375,2983.300048828125,2983.929931640625,217.9815788269043,-1,0,8422.398859926854,10000,-4.326047416047807e-05,1.3792958996469056,0.2148103721609812,0.35794108001103603,0.18227057223184387
90,ETHUSDT@Binance(k),time@60,128,-0.2480161966418204,-19.13393392900455,3522.0487561035156,3523.81005859375,3521.39990234375,3521.510009765625,126.02460384368896,-1,0,8264.698893746903,10000,-0.01872387769834505,1.626713432028001,0.21405963335519954,0.35765232753678483,0.17198314462850287
91,ETHUSDT@Binance(k),time@60,128,-0.237751057486979,-21.119133429984583,3054.56235546875,3056.800048828125,3054.1298828125,3056.7900390625,166.60718727111816,-1,0,8098.546426492307,10000,-0.020103874247652587,1.3928528292008384,0.19853685432648416,0.33034150139380164,0.16481954613685595
92,ETHUSDT@Binance(k),time@60,128,-0.230048898948787,-17.035629365397785,3322.610107421875,3326.0,3322.610107421875,3324.81005859375,103.87633752822876,-1,0,8440.459559413634,10000,0.04221907425298621,1.565067489875532,0.21915427797020345,0.3658395800954617,0.18243725715018574
93,ETHUSDT@Binance(k),time@60,128,-0.22715418051645342,-17.442064493476156,3618.588371826172,3619.4599609375,3613.909912109375,3619.4599609375,329.9524464607239,-1,0,8406.161351854613,10000,-0.004063547407294088,1.7075844696468987,0.22069383817313037,0.36884180647426423,0.17917491214389558
94,ETHUSDT@Binance(k),time@60,128,-0.2810886153724157,-21.25659916322611,3929.010009765625,3929.010009765625,3923.610107421875,3924.25,301.6677556037903,-1,0,8087.267775250073,10000,-0.03793569540919994,1.8452008565851101,0.21002333309327345,0.3514248410961801,0.16656569380652864
95,ETHUSDT@Binance(k),time@60,128,-0.2945293093470691,-17.182949636612324,3310.6353115234374,3312.2900390625,3306.6201171875,3307.389892578125,281.176682472229,-1,0,8427.90077896863,10000,0.042119664290208636,1.5635512465392698,0.21485971303175927,0.35955701467821727,0.17620479751732318
96,ETHUSDT@Binance(k),time@60,128,-0.2645065608925301,-18.766137041475073,3597.0,3597.0,3593.260009765625,3596.14990234375,161.01385021209717,-1,0,8295.374028744438,10000,-0.01572476393586697,1.6698408539865406,0.2200673496483667,0.3672794104783308,0.17815947441356828
97,ETHUSDT@Binance(k),time@60,128,-0.25001498250734056,-17.048674270812093,2306.169921875,2306.169921875,2305.409912109375,2306.169921875,164.02613162994385,-1,0,8439.391308474555,10000,0.017361155655078342,1.0407004862247733,0.2044722591345931,0.339008131679493,0.18553141475691967
98,ETHUSDT@Binance(k),time@60,128,-0.25659345121645805,-18.510548855111534,3230.994962890625,3232.219970703125,3228.10009765625,3229.590087890625,245.63080024719238,-1,0,8316.645382069952,10000,-0.014544405149379158,1.4812697052512935,0.21600807138064096,0.36007711087416194,0.178558183797556
99,ETHUSDT@Binance(k),time@60,128,-0.21613338106380997,-17.484851847845782,2234.360107421875,2235.2900390625,2234.360107421875,2235.280029296875,114.94815874099731,-1,0,8402.616257434805,10000,0.010337205858289789,0.9939013177686793,0.1981243032160233,0.32840816852971816,0.17816685994068887
100,ETHUSDT@Binance(k),time@60,128,-0.23827645025521482,-17.82914531224299,3103.1298828125,3103.1298828125,3101.780029296875,3101.909912109375,33.29246228933334,-1,0,8373.611697076245,10000,-0.0034518487420979183,1.4455226045959275,0.21618344310715365,0.3602756293993067,0.1823506824145296
