Date;Value
2008/06/20;994.94748
2008/06/23;999.71826
2008/06/24;989.98498
2008/06/25;997.71315
2008/06/26;970.58397
2008/06/27;965.49107
2008/06/30;968.22253
2008/07/01;960.60877
2008/07/02;943.41813
2008/07/03;948.17079
2008/07/04;945.49379
2008/07/07;946.78328
2008/07/08;944.84426
2008/07/09;940.98528
2008/07/10;936.14068
2008/07/11;921.398
2008/07/14;920.01878
2008/07/15;902.54718
2008/07/16;918.94833
2008/07/17;930.67808
2008/07/18;933.14169
2008/07/21;938.48163
2008/07/22;944.37912
2008/07/23;959.09691
2008/07/24;947.16034
2008/07/25;943.11803
2008/07/28;930.06919
2008/07/29;941.89261
2008/07/30;960.05799
2008/07/31;952.72587
2008/08/01;945.07028
2008/08/04;931.78667
2008/08/05;951.59885
2008/08/06;962.80985
2008/08/07;954.61116
2008/08/08;977.66301
2008/08/11;987.37071
2008/08/12;984.20945
2008/08/13;976.35636
2008/08/14;979.25546
2008/08/15;988.85695
2008/08/18;981.92834
2008/08/19;966.33776
2008/08/20;972.29376
2008/08/21;965.13093
2008/08/22;975.93909
2008/08/25;969.1137
2008/08/26;974.75804
2008/08/27;978.23742
2008/08/28;988.66302
2008/08/29;987.08529
2008/09/01;987.5837
2008/09/02;986.97968
2008/09/03;982.65338
2008/09/04;961.45329
2008/09/05;958.24964
2008/09/08;985.01991
2008/09/09;964.34793
2008/09/10;967.74311
2008/09/11;973.83404
2008/09/12;972.05889
2008/09/15;936.52949
2008/09/16;929.68394
2008/09/17;898.92334
2008/09/18;904.22074
2008/09/19;956.35661
2008/09/22;929.11786
2008/09/23;910.91437
2008/09/24;911.19679
2008/09/25;923.43528
2008/09/26;918.51305
2008/09/29;866.62231
2008/09/30;903.8109
2008/10/01;908.32776
2008/10/02;888.55813
2008/10/03;884.57607
2008/10/06;849.10612
2008/10/07;816.0369
2008/10/08;783.59927
2008/10/09;753.40629
2008/10/10;723.51144
2008/10/13;786.07953
2008/10/14;806.54448
2008/10/15;753.06052
2008/10/16;747.01475
2008/10/17;753.71795
2008/10/20;792.30945
2008/10/21;785.72377
2008/10/22;750.4528
2008/10/23;749.83197
2008/10/24;723.78448
2008/10/27;709.25501
2008/10/28;756.0651
2008/10/29;761.43279
2008/10/30;789.22089
2008/10/31;805.15309
2008/11/03;804.9314
2008/11/04;828.7371
2008/11/05;804.83921
2008/11/06;773.11264
2008/11/07;784.91007
2008/11/10;786.74606
2008/11/11;773.57599
2008/11/12;745.13886
2008/11/13;758.82075
2008/11/14;742.57604
2008/11/17;727.9988
2008/11/18;727.28476
2008/11/19;696.01549
2008/11/20;661.77402
2008/11/21;680.22129
2008/11/24;706.71889
2008/11/25;709.94262
2008/11/26;727.02298
2008/11/27;735.78358
2008/11/28;752.71033
2008/12/01;708.71644
2008/12/02;712.83758
2008/12/03;724.6799
2008/12/04;710.58664
2008/12/05;715.87243
2008/12/08;742.20851
2008/12/09;739.04019
2008/12/10;745.53186
2008/12/11;728.22659
2008/12/12;713.34013
2008/12/15;703.42367
2008/12/16;717.93831
2008/12/17;699.0166
2008/12/18;686.47212
2008/12/19;703.18514
2008/12/22;692.20042
2008/12/23;686.84228
2008/12/24;684.25336
2008/12/25;684.97518
2008/12/26;684.37559
2008/12/29;682.07674
2008/12/30;697.6499
2008/12/31;712.69491
2009/01/01;712.85042
2009/01/02;730.73866
2009/01/05;748.49049
2009/01/06;766.61907
2009/01/07;743.39438
2009/01/08;736.73363
2009/01/09;735.99079
2009/01/12;727.70653
2009/01/13;727.24023
2009/01/14;706.90107
2009/01/15;703.40139
2009/01/16;704.0414
2009/01/19;704.23813
2009/01/20;687.78378
2009/01/21;701.09621
2009/01/22;690.72711
2009/01/23;695.06481
2009/01/26;690.54869
2009/01/27;697.94204
2009/01/28;714.79037
2009/01/29;707.21937
2009/01/30;706.8314
2009/02/02;698.423
2009/02/03;701.919
2009/02/04;711.59636
2009/02/05;717.83806
2009/02/06;734.34748
2009/02/09;727.0439
2009/02/10;705.94319
2009/02/11;711.42984
2009/02/12;711.29352
2009/02/13;705.1646
2009/02/16;705.86354
2009/02/17;688.13499
2009/02/18;686.22777
2009/02/19;677.61517
2009/02/20;665.99149
2009/02/23;649.24177
2009/02/24;654.99423
2009/02/25;655.33801
2009/02/26;652.81129
2009/02/27;644.66102
2009/03/02;618.53243
2009/03/03;613.3477
2009/03/04;629.22189
2009/03/05;612.0942
2009/03/06;605.67132
2009/03/09;599.56359
2009/03/10;623.08885
2009/03/11;627.98448
2009/03/12;638.40606
2009/03/13;643.90819
2009/03/16;646.98713
2009/03/17;658.43249
2009/03/18;659.45375
2009/03/19;641.92833
2009/03/20;639.56251
2009/03/23;671.67203
2009/03/24;669.88553
2009/03/25;673.87004
2009/03/26;683.744
2009/03/27;683.2809
2009/03/30;662.83243
2009/03/31;667.63362
2009/04/01;680.77359
2009/04/02;699.73458
2009/04/03;702.83278
2009/04/06;700.71935
2009/04/07;694.94496
2009/04/08;698.46749
2009/04/09;721.79156
2009/04/10;722.74652
2009/04/13;720.67062
2009/04/14;721.44204
2009/04/15;726.82171
2009/04/16;735.59817
2009/04/17;747.35618
2009/04/20;728.78457
2009/04/21;731.71659
2009/04/22;729.74916
2009/04/23;734.4444
2009/04/24;737.82833
2009/04/27;738.55799
2009/04/28;732.45024
2009/04/29;739.60641
2009/04/30;748.03721
2009/05/01;750.39624
2009/05/04;769.30738
2009/05/05;770.44833
2009/05/06;784.35249
2009/05/07;777.70379
2009/05/08;789.11344
2009/05/11;773.9315
2009/05/12;771.57499
2009/05/13;757.23924
2009/05/14;757.61173
2009/05/15;758.34993
2009/05/18;778.62692
2009/05/19;782.62064
2009/05/20;778.97738
2009/05/21;766.82359
2009/05/22;758.1582
2009/05/25;758.56065
2009/05/26;769.61514
2009/05/27;770.49684
2009/05/28;772.86079
2009/05/29;773.17357
2009/06/01;793.89814
2009/06/02;789.46448
2009/06/03;782.57009
2009/06/04;784.52754
2009/06/05;792.68704
2009/06/08;794.23555
2009/06/09;791.10066
2009/06/10;796.88172
2009/06/11;800.19902
2009/06/12;802.67836
2009/06/15;790.92402
2009/06/16;781.02545
2009/06/17;774.8531
2009/06/18;772.97416
2009/06/19;780.18522
2009/06/22;762.80444
2009/06/23;753.48577
2009/06/24;763.60579
2009/06/25;776.24094
2009/06/26;772.98173
2009/06/29;778.84971
2009/06/30;775.5438
2009/07/01;777.5111
2009/07/02;765.62111
2009/07/03;765.48051
2009/07/06;763.80047
2009/07/07;751.8121
2009/07/08;749.77777
2009/07/09;749.61275
2009/07/10;747.11756
2009/07/13;754.45326
2009/07/14;764.46517
2009/07/15;778.66191
2009/07/16;784.03052
2009/07/17;786.97073
2009/07/20;793.5083
2009/07/21;799.63972
2009/07/22;800.45769
2009/07/23;813.21098
2009/07/24;818.49338
2009/07/27;821.88058
2009/07/28;821.88332
2009/07/29;823.82049
2009/07/30;835.94001
2009/07/31;834.58807
2009/08/03;837.73197
2009/08/04;839.15931
2009/08/05;835.85976
2009/08/06;835.47256
2009/08/07;846.99936
2009/08/10;847.84526
2009/08/11;840.53713
2009/08/12;842.35391
2009/08/13;848.26997
2009/08/14;846.49387
2009/08/17;831.58038
2009/08/18;837.8981
2009/08/19;834.84993
2009/08/20;844.4814
2009/08/21;853.85846
2009/08/24;859.83578
2009/08/25;861.06111
2009/08/26;863.35872
2009/08/27;862.01589
2009/08/28;860.09299
2009/08/31;854.27645
2009/09/01;844.37695
2009/09/02;841.55191
2009/09/03;845.07496
2009/09/04;855.79532
2009/09/07;858.0004
2009/09/08;858.70975
2009/09/09;860.11668
2009/09/10;867.74928
2009/09/11;868.99044
2009/09/14;866.34558
2009/09/15;870.57753
2009/09/16;880.11199
2009/09/17;880.26629
2009/09/18;879.63582
2009/09/21;876.92101
2009/09/22;878.84872
2009/09/23;875.55271
2009/09/24;868.89717
2009/09/25;865.15931
2009/09/28;876.18598
2009/09/29;881.30384
2009/09/30;878.02754
2009/10/01;864.32404
2009/10/02;851.11676
2009/10/05;857.32823
2009/10/06;867.69328
2009/10/07;873.03934
2009/10/08;879.26923
2009/10/09;881.95744
2009/10/12;883.54671
2009/10/13;880.1999
2009/10/14;891.75938
2009/10/15;892.55362
2009/10/16;888.38987
2009/10/19;895.02887
2009/10/20;891.68756
2009/10/21;886.34652
2009/10/22;885.02961
2009/10/23;878.73478
2009/10/26;874.07015
2009/10/27;873.30756
2009/10/28;858.34195
2009/10/29;868.06695
2009/10/30;856.41192
2009/11/02;854.34217
2009/11/03;857.8247
2009/11/04;859.12887
2009/11/05;865.44785
2009/11/06;869.80733
2009/11/09;881.83615
2009/11/10;884.01284
2009/11/11;887.73156
2009/11/12;886.05727
2009/11/13;890.04554
2009/11/16;898.45911
2009/11/17;902.7022
2009/11/18;896.99118
2009/11/19;889.13435
2009/11/20;885.11819
2009/11/23;892.22162
2009/11/24;889.83513
2009/11/25;891.31287
2009/11/26;882.43927
2009/11/27;874.26955
2009/11/30;876.51602
2009/12/01;889.49068
2009/12/02;892.88932
2009/12/03;890.9019
2009/12/04;901.10006
2009/12/07;901.95017
2009/12/08;896.82852
2009/12/09;893.8707
2009/12/10;899.15666
2009/12/11;907.0722
2009/12/14;912.19604
2009/12/15;913.12348
2009/12/16;916.92588
2009/12/17;915.28186
2009/12/18;918.53293
2009/12/21;923.69204
2009/12/22;932.39036
2009/12/23;932.29644
2009/12/24;935.9377
2009/12/25;935.48388
2009/12/28;937.58093
2009/12/29;938.01527
2009/12/30;940.12225
2009/12/31;936.17138
2010/01/01;936.20332
2010/01/04;946.62621
2010/01/05;951.87884
2010/01/06;955.09993
2010/01/07;957.90767
2010/01/08;961.98197
2010/01/11;954.97119
2010/01/12;949.2152
2010/01/13;951.76409
2010/01/14;958.6735
2010/01/15;956.80273
2010/01/18;957.94521
2010/01/19;968.28778
2010/01/20;964.41651
2010/01/21;953.94481
2010/01/22;934.66409
2010/01/25;931.76033
2010/01/26;931.69304
2010/01/27;929.33407
2010/01/28;927.77286
2010/01/29;924.55019
2010/02/01;931.98469
2010/02/02;940.30986
2010/02/03;940.31641
2010/02/04;922.60507
2010/02/05;918.04843
2010/02/08;913.50157
2010/02/09;919.27192
2010/02/10;922.83442
2010/02/11;935.46511
2010/02/12;934.51154
2010/02/15;935.72095
2010/02/16;942.24093
2010/02/17;953.88159
2010/02/18;959.37426
2010/02/19;962.62658
2010/02/22;962.39614
2010/02/23;955.20601
2010/02/24;955.29339
2010/02/25;952.99855
2010/02/26;952.97194
2010/03/01;971.85848
2010/03/02;974.19796
2010/03/03;971.79617
2010/03/04;975.96936
2010/03/05;988.59058
2010/03/08;990.11101
2010/03/09;994.89388
2010/03/10;994.45447
2010/03/11;995.17687
2010/03/12;993.0879
2010/03/15;995.52587
2010/03/16;997.45972
2010/03/17;1007.09237
2010/03/18;1012.51592
2010/03/19;1013.28499
2010/03/22;1013.89731
2010/03/23;1019.91628
2010/03/24;1025.9474
2010/03/25;1027.29334
2010/03/26;1024.79263
2010/03/29;1026.77643
2010/03/30;1031.8062
2010/03/31;1023.4841
2010/04/01;1033.91359
2010/04/02;1034.49819
2010/04/05;1041.25316
2010/04/06;1051.81815
2010/04/07;1052.03863
2010/04/08;1048.79315
2010/04/09;1051.65432
2010/04/12;1043.53974
2010/04/13;1043.55399
2010/04/14;1049.9057
2010/04/15;1056.51307
2010/04/16;1044.89065
2010/04/19;1041.96655
2010/04/20;1051.72369
2010/04/21;1055.52539
2010/04/22;1056.78794
2010/04/23;1057.71607
2010/04/26;1064.83076
2010/04/27;1043.73894
2010/04/28;1044.44768
2010/04/29;1053.10982
2010/04/30;1042.81556
2010/05/03;1053.89522
2010/05/04;1039.24952
2010/05/05;1039.78336
2010/05/06;1024.28553
2010/05/07;1005.819
2010/05/10;1038.42251
2010/05/11;1043.15359
2010/05/12;1056.34521
2010/05/13;1062.13175
2010/05/14;1048.81016
2010/05/17;1047.37434
2010/05/18;1041.13865
2010/05/19;1026.87518
2010/05/20;997.11224
2010/05/21;988.04645
2010/05/24;995.42179
2010/05/25;988.32599
2010/05/26;998.34243
2010/05/27;1023.63345
2010/05/28;1016.66025
2010/05/31;1022.54821
2010/06/01;1010.25338
2010/06/02;1025.77201
2010/06/03;1037.84606
2010/06/04;1025.09961
2010/06/07;1014.99729
2010/06/08;1016.86325
2010/06/09;1012.42758
2010/06/10;1030.72537
2010/06/11;1037.86818
2010/06/14;1033.07467
2010/06/15;1045.67682
2010/06/16;1048.05966
2010/06/17;1046.88554
2010/06/18;1047.48177
2010/06/21;1055.81208
2010/06/22;1050.25001
2010/06/23;1045.09536
2010/06/24;1026.5216
2010/06/25;1025.63839
2010/06/28;1025.45661
2010/06/29;1006.12317
2010/06/30;993.99641
2010/07/01;972.11692
2010/07/02;961.80824
2010/07/05;964.6982
2010/07/06;972.66772
2010/07/07;990.12109
2010/07/08;998.48903
2010/07/09;1009.0319
2010/07/12;1013.09241
2010/07/13;1020.79854
2010/07/14;1019.92318
2010/07/15;1006.45485
2010/07/16;982.79431
2010/07/19;980.57043
2010/07/20;991.03914
2010/07/21;993.73002
2010/07/22;1005.04184
2010/07/23;1018.61202
2010/07/26;1019.76563
2010/07/27;1017.781
2010/07/28;1014.65629
2010/07/29;1008.72552
2010/07/30;1009.95759
2010/08/02;1021.70612
2010/08/03;1019.45378
2010/08/04;1025.59623
2010/08/05;1025.36775
2010/08/06;1014.31323
2010/08/09;1023.07079
2010/08/10;1023.57203
2010/08/11;1010.78555
2010/08/12;1008.7196
2010/08/13;1014.002
2010/08/16;1010.32837
2010/08/17;1019.53029
2010/08/18;1021.73513
2010/08/19;1010.70148
2010/08/20;1013.69595
2010/08/23;1015.4184
2010/08/24;1000.20687
2010/08/25;999.0065
2010/08/26;993.67616
2010/08/27;1005.33144
2010/08/30;1003.97666
2010/08/31;999.57698
2010/09/01;1018.07598
2010/09/02;1024.30515
2010/09/03;1032.42921
2010/09/06;1036.0442
2010/09/07;1037.85416
2010/09/08;1040.13231
2010/09/09;1047.85626
2010/09/10;1051.38403
2010/09/13;1054.88501
2010/09/14;1049.45473
2010/09/15;1046.43835
2010/09/16;1038.09338
2010/09/17;1042.74557
2010/09/20;1052.38502
2010/09/21;1047.20353
2010/09/22;1026.94251
2010/09/23;1027.46816
2010/09/24;1032.2348
2010/09/27;1032.23208
2010/09/28;1029.73214
2010/09/29;1026.77696
2010/09/30;1020.26715
2010/10/01;1018.22956
2010/10/04;1017.03434
2010/10/05;1023.51942
2010/10/06;1026.09116
2010/10/07;1022.71556
2010/10/08;1025.44015
2010/10/11;1029.61758
2010/10/12;1031.01403
2010/10/13;1034.70127
2010/10/14;1029.61296
2010/10/15;1032.41515
2010/10/18;1037.70212
2010/10/19;1035.40833
2010/10/20;1032.21031
2010/10/21;1032.70827
2010/10/22;1036.97868
2010/10/25;1039.13388
2010/10/26;1043.03244
2010/10/27;1040.23644
2010/10/28;1037.04104
2010/10/29;1038.20188
2010/11/01;1041.85817
2010/11/02;1040.01945
2010/11/03;1042.07399
2010/11/04;1050.17247
2010/11/05;1066.15052
2010/11/08;1073.76942
2010/11/09;1071.38931
2010/11/10;1080.87384
2010/11/11;1080.24416
2010/11/12;1066.94386
2010/11/15;1073.66612
2010/11/16;1057.93753
2010/11/17;1059.86193
2010/11/18;1072.18844
2010/11/19;1068.62755
2010/11/22;1069.99802
2010/11/23;1065.18301
2010/11/24;1077.53421
2010/11/25;1079.88388
2010/11/26;1081.05681
2010/11/29;1084.15979
2010/11/30;1083.52228
2010/12/01;1100.84488
2010/12/02;1110.53174
2010/12/03;1101.54992
2010/12/06;1108.19896
2010/12/07;1107.70793
2010/12/08;1114.46575
2010/12/09;1121.55345
2010/12/10;1121.58609
2010/12/13;1115.56411
2010/12/14;1118.49582
2010/12/15;1115.91306
2010/12/16;1126.37357
2010/12/17;1128.86448
2010/12/20;1134.10605
2010/12/21;1141.84706
2010/12/22;1147.62038
2010/12/23;1150.17296
2010/12/24;1149.32038
2010/12/27;1142.23205
2010/12/28;1146.04279
2010/12/29;1150.26216
2010/12/30;1137.09973
2010/12/31;1129.24658
2011/01/03;1141.44782
2011/01/04;1146.45975
2011/01/05;1157.76407
2011/01/06;1165.68011
2011/01/07;1167.27987
2011/01/10;1165.06908
2011/01/11;1171.65645
2011/01/12;1175.64249
2011/01/13;1157.25925
2011/01/14;1157.27447
2011/01/17;1161.75118
2011/01/18;1160.30391
2011/01/19;1146.2937
2011/01/20;1140.53567
2011/01/21;1130.83905
2011/01/24;1130.57674
2011/01/25;1129.60512
2011/01/26;1134.33838
2011/01/27;1133.11436
2011/01/28;1125.88522
2011/01/31;1122.43504
2011/02/01;1133.58743
2011/02/02;1134.98617
2011/02/03;1147.31235
2011/02/04;1154.51659
2011/02/07;1161.0818
2011/02/08;1156.04611
2011/02/09;1147.60453
2011/02/10;1150.15981
2011/02/11;1156.70116
2011/02/14;1169.70971
2011/02/15;1164.60046
2011/02/16;1170.77538
2011/02/17;1171.84386
2011/02/18;1170.24619
2011/02/21;1163.89968
2011/02/22;1144.41323
2011/02/23;1132.109
2011/02/24;1126.88637
2011/02/25;1142.54089
2011/02/28;1146.05474
2011/03/01;1137.41241
2011/03/02;1131.27332
2011/03/03;1138.69028
2011/03/04;1133.46739
2011/03/07;1123.84367
2011/03/08;1135.22394
2011/03/09;1132.69317
2011/03/10;1120.91128
2011/03/11;1117.91346
2011/03/14;1098.33301
2011/03/15;1074.10471
2011/03/16;1070.17243
2011/03/17;1075.71794
2011/03/18;1073.13622
2011/03/21;1085.79604
2011/03/22;1087.72304
2011/03/23;1095.40094
2011/03/24;1099.84433
2011/03/25;1106.88996
2011/03/28;1106.19003
2011/03/29;1112.31796
2011/03/30;1121.13746
2011/03/31;1114.49182
2011/04/01;1124.71696
2011/04/04;1121.92213
2011/04/05;1122.94374
2011/04/06;1116.968
2011/04/07;1118.88421
2011/04/08;1112.66799
2011/04/11;1108.81601
2011/04/12;1092.50772
2011/04/13;1096.41751
2011/04/14;1097.8242
2011/04/15;1101.84653
2011/04/18;1100.78646
2011/04/19;1098.46791
2011/04/20;1105.47157
2011/04/21;1109.91317
2011/04/22;1109.96918
2011/04/25;1108.10722
2011/04/26;1109.5428
2011/04/27;1111.66154
2011/04/28;1107.62669
2011/04/29;1109.85903
2011/05/02;1108.5671
2011/05/03;1103.9123
2011/05/04;1091.16561
2011/05/05;1099.29252
2011/05/06;1110.23582
2011/05/09;1124.73862
2011/05/10;1127.3357
2011/05/11;1126.16739
2011/05/12;1127.27299
2011/05/13;1120.78094
2011/05/16;1112.93924
2011/05/17;1112.84981
2011/05/18;1116.7844
2011/05/19;1119.32185
2011/05/20;1120.68759
2011/05/23;1111.26968
2011/05/24;1107.81865
2011/05/25;1112.87205
2011/05/26;1117.63024
2011/05/27;1115.28626
2011/05/30;1114.37297
2011/05/31;1120.54876
2011/06/01;1103.79983
2011/06/02;1094.67899
2011/06/03;1080.96578
2011/06/06;1070.19557
2011/06/07;1066.52996
2011/06/08;1064.1042
2011/06/09;1075.22207
2011/06/10;1070.88039
2011/06/13;1069.27686
2011/06/14;1075.37533
2011/06/15;1072.83441
2011/06/16;1074.11514
2011/06/17;1066.23995
2011/06/20;1065.99361
2011/06/21;1077.75746
2011/06/22;1072.15846
2011/06/23;1079.31621
2011/06/24;1074.92768
2011/06/27;1070.34236
2011/06/28;1076.27187
2011/06/29;1087.89057
2011/06/30;1094.22945
2011/07/01;1106.03128
2011/07/04;1108.44905
2011/07/05;1110.33598
2011/07/06;1119.1123
2011/07/07;1122.8139
2011/07/08;1124.30443
2011/07/11;1122.2528
2011/07/12;1114.08485
2011/07/13;1112.14985
2011/07/14;1105.40523
2011/07/15;1109.65471
2011/07/18;1104.06909
2011/07/19;1106.3263
2011/07/20;1112.34128
2011/07/21;1112.98336
2011/07/22;1119.25845
2011/07/25;1115.43465
2011/07/26;1106.08694
2011/07/27;1096.34009
2011/07/28;1097.76613
2011/07/29;1086.77803
2011/08/01;1094.59472
2011/08/02;1070.32721
2011/08/03;1057.52201
2011/08/04;1024.39906
2011/08/05;1006.74694
2011/08/08;956.3885
2011/08/09;973.59757
2011/08/10;954.03828
2011/08/11;974.93974
2011/08/12;989.03624
2011/08/15;993.4766
2011/08/16;991.45513
2011/08/17;991.51079
2011/08/18;959.67881
2011/08/19;937.83518
2011/08/22;939.5709
2011/08/23;960.3984
2011/08/24;965.75831
2011/08/25;959.47335
2011/08/26;965.03363
2011/08/29;976.97702
2011/08/30;988.90564
2011/08/31;1004.67193
2011/09/01;1010.08537
2011/09/02;990.80651
2011/09/05;977.66276
2011/09/06;974.26594
2011/09/07;1000.17669
2011/09/08;1000.35194
2011/09/09;992.51293
2011/09/12;987.60999
2011/09/13;991.20947
2011/09/14;997.91148
2011/09/15;1004.83761
2011/09/16;1016.20994
2011/09/19;1010.6036
2011/09/20;1007.44038
2011/09/21;989.09333
2011/09/22;960.58402
2011/09/23;958.30805
2011/09/26;971.22382
2011/09/27;988.48531
2011/09/28;978.29905
2011/09/29;980.95567
2011/09/30;976.21712
2011/10/03;959.886
2011/10/04;956.36874
2011/10/05;971.55601
2011/10/06;990.1198
2011/10/07;988.18392
2011/10/10;1001.45843
2011/10/11;1006.63198
2011/10/12;1009.39992
2011/10/13;1012.2501
2011/10/14;1014.1042
2011/10/17;1011.61437
2011/10/18;1019.5121
2011/10/19;1010.00035
2011/10/20;1008.04091
2011/10/21;1015.25756
2011/10/24;1033.51474
2011/10/25;1020.92844
2011/10/26;1031.44348
2011/10/27;1049.37998
2011/10/28;1051.77075
2011/10/31;1039.83292
2011/11/01;1024.71694
2011/11/02;1027.3778
2011/11/03;1044.53057
2011/11/04;1042.85217
2011/11/07;1045.14732
2011/11/08;1049.24765
2011/11/09;1038.41539
2011/11/10;1033.59585
2011/11/11;1044.70223
2011/11/14;1045.15706
2011/11/15;1050.0874
2011/11/16;1039.22004
2011/11/17;1027.11982
2011/11/18;1019.88201
2011/11/21;1000.33453
2011/11/22;995.35117
2011/11/23;983.77928
2011/11/24;983.69772
2011/11/25;984.74042
2011/11/28;1009.17142
2011/11/29;1016.98415
2011/11/30;1044.7251
2011/12/01;1048.47073
2011/12/02;1054.35838
2011/12/05;1061.16355
2011/12/06;1062.00759
2011/12/07;1065.11999
2011/12/08;1052.24102
2011/12/09;1056.05299
2011/12/12;1052.20497
2011/12/13;1053.9629
2011/12/14;1046.89076
2011/12/15;1044.96429
2011/12/16;1045.01831
2011/12/19;1036.2499
2011/12/20;1053.11447
2011/12/21;1060.70578
2011/12/22;1067.20581
2011/12/23;1077.43662
2011/12/26;1077.92683
2011/12/27;1075.75384
2011/12/28;1072.00948
2011/12/29;1082.50119
2011/12/30;1081.31615
2012/01/02;1084.2058
2012/01/03;1097.64004
2012/01/04;1107.70399
2012/01/05;1111.64593
2012/01/06;1113.41376
2012/01/09;1112.52454
2012/01/10;1123.82967
2012/01/11;1129.41007
2012/01/12;1123.09253
2012/01/13;1129.36429
2012/01/16;1130.13402
2012/01/17;1134.906
2012/01/18;1137.70664
2012/01/19;1141.30219
2012/01/20;1141.81996
2012/01/23;1137.1808
2012/01/24;1138.16936
2012/01/25;1144.30403
2012/01/26;1136.49149
2012/01/27;1135.57589
2012/01/30;1130.0201
2012/01/31;1135.55865
2012/02/01;1141.02234
2012/02/02;1147.18569
2012/02/03;1163.14152
2012/02/06;1166.65188
2012/02/07;1156.16056
2012/02/08;1159.37579
2012/02/09;1157.67472
2012/02/10;1153.42331
2012/02/13;1160.23824
2012/02/14;1162.72446
2012/02/15;1171.29947
2012/02/16;1176.54732
2012/02/17;1173.8768
2012/02/20;1171.98246
2012/02/21;1170.45072
2012/02/22;1168.27548
2012/02/23;1165.21314
2012/02/24;1158.28027
2012/02/27;1161.08096
2012/02/28;1164.3201
2012/02/29;1166.70777
2012/03/01;1174.71101
2012/03/02;1181.85839
2012/03/05;1172.40646
2012/03/06;1158.32616
2012/03/07;1161.7336
2012/03/08;1166.0126
2012/03/09;1182.531
2012/03/12;1177.06228
2012/03/13;1197.38882
2012/03/14;1202.9857
2012/03/15;1205.75915
2012/03/16;1201.40433
2012/03/19;1198.49178
2012/03/20;1191.91
2012/03/21;1190.96525
2012/03/22;1183.25075
2012/03/23;1180.38981
2012/03/26;1187.05704
2012/03/27;1188.23884
2012/03/28;1183.07652
2012/03/29;1176.94654
2012/03/30;1179.78688
2012/04/02;1191.81217
2012/04/03;1183.98393
2012/04/04;1181.44913
2012/04/05;1185.16782
2012/04/06;1184.17277
2012/04/09;1174.94643
2012/04/10;1155.55381
2012/04/11;1158.5855
2012/04/12;1168.873
2012/04/13;1165.15612
2012/04/16;1165.18103
2012/04/17;1174.16403
2012/04/18;1174.13626
2012/04/19;1167.49291
2012/04/20;1164.72556
2012/04/23;1156.63311
2012/04/24;1156.21075
2012/04/25;1168.99146
2012/04/26;1171.94646
2012/04/27;1174.27912
2012/04/30;1174.06954
2012/05/01;1177.24114
2012/05/02;1180.31679
2012/05/03;1173.96895
2012/05/04;1160.53113
2012/05/07;1161.56421
2012/05/08;1156.80698
2012/05/09;1152.68403
2012/05/10;1154.53225
2012/05/11;1152.52868
2012/05/14;1144.68927
2012/05/15;1140.88846
2012/05/16;1133.25845
2012/05/17;1125.1299
2012/05/18;1111.12154
2012/05/21;1119.11675
2012/05/22;1127.83497
2012/05/23;1129.52307
2012/05/24;1133.90953
2012/05/25;1137.97373
2012/05/28;1138.03126
2012/05/29;1149.72058
2012/05/30;1144.26197
2012/05/31;1143.54986
2012/06/01;1121.12071
2012/06/04;1106.19147
2012/06/05;1115.63851
2012/06/06;1136.53585
2012/06/07;1138.47319
2012/06/08;1144.38378
2012/06/11;1138.03405
2012/06/12;1149.23654
2012/06/13;1138.46526
2012/06/14;1140.50102
2012/06/15;1150.03473
2012/06/18;1158.49509
2012/06/19;1163.74474
2012/06/20;1164.3633
2012/06/21;1152.27075
2012/06/22;1155.55627
2012/06/25;1143.89748
2012/06/26;1146.93935
2012/06/27;1159.01618
2012/06/28;1159.41938
2012/06/29;1169.67776
2012/07/02;1184.35952
2012/07/03;1193.85696
2012/07/04;1202.34621
2012/07/05;1208.08286
2012/07/06;1202.9321
2012/07/09;1197.4258
2012/07/10;1196.94948
2012/07/11;1197.41811
2012/07/12;1191.18008
2012/07/13;1202.8141
2012/07/16;1203.28811
2012/07/17;1210.28501
2012/07/18;1213.25036
2012/07/19;1222.92853
2012/07/20;1217.33485
2012/07/23;1201.76643
2012/07/24;1196.52624
2012/07/25;1191.1655
2012/07/26;1198.03175
2012/07/27;1214.0995
2012/07/30;1231.54072
2012/07/31;1222.08918
2012/08/01;1222.14895
2012/08/02;1223.30807
2012/08/03;1227.44482
2012/08/06;1229.79585
2012/08/07;1236.55981
2012/08/08;1243.6425
2012/08/09;1251.62292
2012/08/10;1251.48211
2012/08/13;1245.00529
2012/08/14;1249.77062
2012/08/15;1253.1832
2012/08/16;1254.53111
2012/08/17;1262.80859
2012/08/20;1257.98972
2012/08/21;1248.24219
2012/08/22;1243.79357
2012/08/23;1231.06536
2012/08/24;1236.72949
2012/08/27;1236.75346
2012/08/28;1229.35241
2012/08/29;1231.82538
2012/08/30;1223.8974
2012/08/31;1219.9862
2012/09/03;1224.35921
2012/09/04;1220.62272
2012/09/05;1214.34791
2012/09/06;1233.30052
2012/09/07;1232.3758
2012/09/10;1229.45806
2012/09/11;1228.59864
2012/09/12;1229.64868
2012/09/13;1238.96858
2012/09/14;1235.85924
2012/09/17;1232.42346
2012/09/18;1235.11348
2012/09/19;1238.82601
2012/09/20;1241.52624
2012/09/21;1242.26628
2012/09/24;1244.05109
2012/09/25;1235.63772
2012/09/26;1231.9326
2012/09/27;1240.0374
2012/09/28;1233.2392
2012/10/01;1235.86427
2012/10/02;1233.79907
2012/10/03;1236.08403
2012/10/04;1234.872
2012/10/05;1234.922
2012/10/08;1235.21794
2012/10/09;1231.33294
2012/10/10;1223.32105
2012/10/11;1223.02675
2012/10/12;1218.6815
2012/10/15;1226.89335
2012/10/16;1233.45088
2012/10/17;1233.76598
2012/10/18;1236.91114
2012/10/19;1227.54926
2012/10/22;1222.92674
2012/10/23;1214.44332
2012/10/24;1212.65107
2012/10/25;1217.34288
2012/10/26;1216.57697
2012/10/29;1216.23816
2012/10/30;1214.08949
2012/10/31;1215.56983
2012/11/01;1227.69193
2012/11/02;1231.40781
2012/11/05;1234.88061
2012/11/06;1240.51713
2012/11/07;1227.32956
2012/11/08;1217.95941
2012/11/09;1218.66374
2012/11/12;1216.82108
2012/11/13;1213.65025
2012/11/14;1199.75699
2012/11/15;1190.28397
2012/11/16;1197.28731
2012/11/19;1211.21911
2012/11/20;1212.98596
2012/11/21;1214.22536
2012/11/22;1213.9163
2012/11/23;1220.34429
2012/11/26;1217.84846
2012/11/27;1218.48018
2012/11/28;1223.33489
2012/11/29;1227.61231
2012/11/30;1226.03336
2012/12/03;1219.27893
2012/12/04;1217.58928
2012/12/05;1222.13275
2012/12/06;1233.72842
2012/12/07;1241.06026
2012/12/10;1243.06266
2012/12/11;1243.54876
2012/12/12;1242.96317
2012/12/13;1235.1647
2012/12/14;1231.63251
2012/12/17;1234.13142
2012/12/18;1240.41634
2012/12/19;1237.95829
2012/12/20;1242.39327
2012/12/21;1238.26452
2012/12/24;1234.28113
2012/12/25;1235.12087
2012/12/26;1230.56744
2012/12/27;1231.55327
2012/12/28;1225.0687
2012/12/31;1237.80282
2013/01/01;1236.03164
2013/01/02;1259.2086
2013/01/03;1271.44566
2013/01/04;1280.30183
2013/01/07;1272.30089
2013/01/08;1271.20594
2013/01/09;1277.83194
2013/01/10;1271.03474
2013/01/11;1260.5807
2013/01/14;1258.46504
2013/01/15;1261.02495
2013/01/16;1262.58723
2013/01/17;1262.71709
2013/01/18;1271.67459
2013/01/21;1270.19488
2013/01/22;1276.35379
2013/01/23;1276.14896
2013/01/24;1269.09598
2013/01/25;1266.49431
2013/01/28;1264.9237
2013/01/29;1270.61418
2013/01/30;1261.10159
2013/01/31;1257.89073
2013/02/01;1256.03353
2013/02/04;1255.45591
2013/02/05;1261.72918
2013/02/06;1263.01751
2013/02/07;1271.55649
2013/02/08;1279.2243
2013/02/11;1275.29842
2013/02/12;1273.79879
2013/02/13;1277.81148
2013/02/14;1285.24143
2013/02/15;1280.74684
2013/02/18;1281.7558
2013/02/19;1290.19227
2013/02/20;1282.02354
2013/02/21;1279.66798
2013/02/22;1293.70951
2013/02/25;1280.32955
2013/02/26;1288.28274
2013/02/27;1296.25924
2013/02/28;1305.62969
2013/03/01;1311.6176
2013/03/04;1309.89143
2013/03/05;1322.18862
2013/03/06;1328.38543
2013/03/07;1322.03214
2013/03/08;1336.82907
2013/03/11;1338.13236
2013/03/12;1335.33945
2013/03/13;1338.90786
2013/03/14;1343.91132
2013/03/15;1337.77402
2013/03/18;1335.96439
2013/03/19;1338.98822
2013/03/20;1338.94601
2013/03/21;1334.69995
2013/03/22;1330.99417
2013/03/25;1339.35732
2013/03/26;1347.81145
2013/03/27;1354.3344
2013/03/28;1352.75291
2013/03/29;1353.02806
2013/04/01;1346.4145
2013/04/02;1353.13593
2013/04/03;1343.52646
2013/04/04;1338.75692
2013/04/05;1317.67907
2013/04/08;1324.25814
2013/04/09;1326.96434
2013/04/10;1341.26162
2013/04/11;1346.3267
2013/04/12;1342.9297
2013/04/15;1321.74363
2013/04/16;1324.23701
2013/04/17;1317.50005
2013/04/18;1307.19278
2013/04/19;1316.53063
2013/04/22;1325.72847
2013/04/23;1340.61262
2013/04/24;1349.92104
2013/04/25;1357.5183
2013/04/26;1353.43646
2013/04/29;1355.63463
2013/04/30;1355.1259
2013/05/01;1346.51386
2013/05/02;1361.69284
2013/05/03;1368.30746
2013/05/06;1374.90686
2013/05/07;1381.35876
2013/05/08;1383.46015
2013/05/09;1385.56787
2013/05/10;1397.26623
2013/05/13;1396.34582
2013/05/14;1404.56787
2013/05/15;1421.62398
2013/05/16;1413.34505
2013/05/17;1427.57455
2013/05/20;1429.09505
2013/05/21;1429.27505
2013/05/22;1422.8282
2013/05/23;1400.24139
2013/05/24;1397.0585
2013/05/27;1393.83047
2013/05/28;1409.55735
2013/05/29;1389.88299
2013/05/30;1381.96121
2013/05/31;1374.72702
2013/06/03;1366.4966
2013/06/04;1363.8146
2013/06/05;1342.2112
2013/06/06;1333.21881
2013/06/07;1342.38504
2013/06/10;1346.13495
2013/06/11;1327.18039
2013/06/12;1317.00465
2013/06/13;1324.22462
2013/06/14;1321.65211
2013/06/17;1332.113
2013/06/18;1331.72293
2013/06/19;1323.37173
2013/06/20;1299.05068
2013/06/21;1299.23658
2013/06/24;1284.29903
2013/06/25;1295.98646
2013/06/26;1316.46051
2013/06/27;1327.98676
2013/06/28;1329.86581
2013/07/01;1335.07491
2013/07/02;1334.1127
2013/07/03;1333.81367
2013/07/04;1347.78598
2013/07/05;1356.11785
2013/07/08;1357.91374
2013/07/09;1376.51584
2013/07/10;1373.32682
2013/07/11;1377.7669
2013/07/12;1378.14028
2013/07/15;1381.88818
2013/07/16;1372.50204
2013/07/17;1380.41875
2013/07/18;1386.75612
2013/07/19;1382.66088
2013/07/22;1383.41784
2013/07/23;1382.62136
2013/07/24;1379.10724
2013/07/25;1377.57734
2013/07/26;1373.18976
2013/07/29;1367.03144
2013/07/30;1368.41133
2013/07/31;1362.70888
2013/08/01;1382.14472
2013/08/02;1384.33188
2013/08/05;1386.35625
2013/08/06;1375.726
2013/08/07;1366.83522
2013/08/08;1368.26505
2013/08/09;1371.89222
2013/08/12;1376.83227
2013/08/13;1386.75185
2013/08/14;1384.37884
2013/08/15;1369.78871
2013/08/16;1361.6072
2013/08/19;1351.91912
2013/08/20;1341.51361
2013/08/21;1336.65267
2013/08/22;1345.93668
2013/08/23;1350.21267
2013/08/26;1349.86305
2013/08/27;1329.22275
2013/08/28;1330.14468
2013/08/29;1344.61405
2013/08/30;1343.15232
2013/09/02;1351.33341
2013/09/03;1358.01952
2013/09/04;1362.9372
2013/09/05;1373.67146
2013/09/06;1374.82362
2013/09/09;1378.97374
2013/09/10;1391.17646
2013/09/11;1392.91399
2013/09/12;1389.8417
2013/09/13;1394.98876
2013/09/16;1398.15818
2013/09/17;1399.20067
2013/09/18;1410.48292
2013/09/19;1403.06724
2013/09/20;1397.23696
2013/09/23;1395.07212
2013/09/24;1392.47986
2013/09/25;1389.09202
2013/09/26;1394.31224
2013/09/27;1386.28711
2013/09/30;1375.83353
2013/10/01;1386.13543
2013/10/02;1377.95144
2013/10/03;1369.53785
2013/10/04;1376.49521
2013/10/07;1369.6833
2013/10/08;1357.56485
2013/10/09;1362.60631
2013/10/10;1384.03369
2013/10/11;1390.44582
2013/10/14;1392.1957
2013/10/15;1398.23099
2013/10/16;1409.34383
2013/10/17;1404.84189
2013/10/18;1411.96916
2013/10/21;1415.41796
2013/10/22;1414.33224
2013/10/23;1404.74869
2013/10/24;1407.08142
2013/10/25;1407.45224
2013/10/28;1411.17598
2013/10/29;1416.48592
2013/10/30;1415.38586
2013/10/31;1425.29448
2013/11/01;1431.83207
2013/11/04;1433.98334
2013/11/05;1432.8581
2013/11/06;1434.20924
2013/11/07;1433.71382
2013/11/08;1441.2044
2013/11/11;1438.24744
2013/11/12;1433.11069
2013/11/13;1437.45255
2013/11/14;1442.73909
2013/11/15;1450.15255
2013/11/18;1449.09009
2013/11/19;1444.12194
2013/11/20;1445.96228
2013/11/21;1447.71224
2013/11/22;1447.23876
2013/11/25;1449.95253
2013/11/26;1441.96574
2013/11/27;1443.4948
2013/11/28;1444.67502
2013/11/29;1443.63087
2013/12/02;1443.57432
2013/12/03;1432.31357
2013/12/04;1428.01264
2013/12/05;1413.34923
2013/12/06;1422.03366
2013/12/09;1423.96297
2013/12/10;1415.80594
2013/12/11;1401.54016
2013/12/12;1394.7764
2013/12/13;1396.0785
2013/12/16;1401.70066
2013/12/17;1399.92241
2013/12/18;1413.60051
2013/12/19;1426.84589
2013/12/20;1432.58644
2013/12/23;1438.06119
2013/12/24;1444.53342
2013/12/25;1444.51333
2013/12/26;1448.9906
2013/12/27;1447.11772
2013/12/30;1445.50562
2013/12/31;1453.19862
2014/01/01;1453.21348
2014/01/02;1451.97982
2014/01/03;1455.85545
2014/01/06;1447.74507
2014/01/07;1456.64247
2014/01/08;1459.84285
2014/01/09;1457.05909
2014/01/10;1455.79745
2014/01/13;1451.40331
2014/01/14;1452.51044
2014/01/15;1469.36684
2014/01/16;1467.53834
2014/01/17;1470.28996
2014/01/20;1469.19003
2014/01/21;1473.17701
2014/01/22;1473.81848
2014/01/23;1450.58244
2014/01/24;1422.55453
2014/01/27;1410.20908
2014/01/28;1416.75918
2014/01/29;1413.2218
2014/01/30;1424.80108
2014/01/31;1425.83196
2014/02/03;1399.60909
2014/02/04;1397.45419
2014/02/05;1397.10482
2014/02/06;1408.65756
2014/02/07;1423.11412
2014/02/10;1423.74364
2014/02/11;1436.11101
2014/02/12;1449.81239
2014/02/13;1444.81713
2014/02/14;1449.85895
2014/02/17;1451.97839
2014/02/18;1451.57975
2014/02/19;1447.26635
2014/02/20;1451.19483
2014/02/21;1452.2382
2014/02/24;1460.96505
2014/02/25;1460.64648
2014/02/26;1464.37044
2014/02/27;1466.89019
2014/02/28;1459.0813
2014/03/03;1445.05022
2014/03/04;1466.99634
2014/03/05;1469.10854
2014/03/06;1466.00129
2014/03/07;1459.49206
2014/03/10;1452.42181
2014/03/11;1450.58558
2014/03/12;1440.25208
2014/03/13;1426.93168
2014/03/14;1418.0895
2014/03/17;1428.77064
2014/03/18;1440.60693
2014/03/19;1434.97936
2014/03/20;1443.81404
2014/03/21;1443.76945
2014/03/24;1439.34983
2014/03/25;1448.34987
2014/03/26;1447.97822
2014/03/27;1454.0682
2014/03/28;1461.0643
2014/03/31;1468.98744
2014/04/01;1476.62901
2014/04/02;1483.1923
2014/04/03;1486.37019
2014/04/04;1482.15982
2014/04/07;1463.91867
2014/04/08;1463.07993
2014/04/09;1469.62995
2014/04/10;1449.70035
2014/04/11;1434.45608
2014/04/14;1446.21172
2014/04/15;1445.36204
2014/04/16;1461.86972
2014/04/17;1463.90753
2014/04/18;1464.95502
2014/04/21;1469.55911
2014/04/22;1477.72438
2014/04/23;1471.61133
2014/04/24;1474.30195
2014/04/25;1462.64756
2014/04/28;1463.3978
2014/04/29;1475.17039
2014/04/30;1473.84443
2014/05/01;1476.08242
2014/05/02;1476.37415
2014/05/05;1475.54405
2014/05/06;1465.35512
2014/05/07;1467.20389
2014/05/08;1476.62947
2014/05/09;1485.39501
2014/05/12;1496.3239
2014/05/13;1505.27118
2014/05/14;1504.48742
2014/05/15;1493.69003
2014/05/16;1496.83967
2014/05/19;1497.77291
2014/05/20;1493.49091
2014/05/21;1504.11607
2014/05/22;1511.35811
2014/05/23;1519.0148
2014/05/26;1520.90973
2014/05/27;1527.25225
2014/05/28;1529.00924
2014/05/29;1532.90294
2014/05/30;1529.30755
2014/06/02;1535.95183
2014/06/03;1534.54718
2014/06/04;1535.41312
2014/06/05;1543.02827
2014/06/06;1549.05356
2014/06/09;1556.26686
2014/06/10;1562.49797
2014/06/11;1560.88595
2014/06/12;1554.19818
2014/06/13;1557.38606
2014/06/16;1552.03411
2014/06/17;1556.05709
2014/06/18;1560.38385
2014/06/19;1563.0866
2014/06/20;1567.76244
2014/06/23;1564.78854
2014/06/24;1558.70559
2014/06/25;1554.00936
2014/06/26;1559.34318
2014/06/27;1556.3591
2014/06/30;1553.46122
2014/07/01;1564.02845
2014/07/02;1570.16626
2014/07/03;1581.4265
2014/07/04;1583.45663
2014/07/07;1575.9896
2014/07/08;1563.6954
2014/07/09;1563.70888
2014/07/10;1559.3154
2014/07/11;1560.19325
2014/07/14;1566.63877
2014/07/15;1569.31942
2014/07/16;1581.39962
2014/07/17;1569.60773
2014/07/18;1578.12502
2014/07/21;1573.63217
2014/07/22;1590.31989
2014/07/23;1594.12316
2014/07/24;1595.72663
2014/07/25;1593.19372
2014/07/28;1592.48388
2014/07/29;1592.84568
2014/07/30;1593.38493
2014/07/31;1570.2061
2014/08/01;1556.68983
2014/08/04;1563.00164
2014/08/05;1558.07393
2014/08/06;1554.85336
2014/08/07;1547.78764
2014/08/08;1544.45011
2014/08/11;1559.27387
2014/08/12;1561.47078
2014/08/13;1567.9968
2014/08/14;1574.13239
2014/08/15;1573.06651
2014/08/18;1586.60163
2014/08/19;1599.45512
2014/08/20;1604.44176
2014/08/21;1609.17307
2014/08/22;1611.09586
2014/08/25;1623.32127
2014/08/26;1626.19711
2014/08/27;1628.781
2014/08/28;1626.02974
2014/08/29;1630.20208
2014/09/01;1634.66314
2014/09/02;1635.26543
2014/09/03;1639.96913
2014/09/04;1658.74422
2014/09/05;1661.03565
2014/09/08;1656.93939
2014/09/09;1650.65439
2014/09/10;1650.70494
2014/09/11;1647.72463
2014/09/12;1640.49279
2014/09/15;1637.42183
2014/09/16;1641.4995
2014/09/17;1643.16716
2014/09/18;1653.29966
2014/09/19;1661.22251
2014/09/22;1649.36557
2014/09/23;1634.36352
2014/09/24;1649.40391
2014/09/25;1636.83634
2014/09/26;1648.27332
2014/09/29;1642.03137
2014/09/30;1645.19312
2014/10/01;1631.85202
2014/10/02;1614.07843
2014/10/03;1639.75583
2014/10/06;1638.48248
2014/10/07;1614.78545
2014/10/08;1615.93113
2014/10/09;1596.7346
2014/10/10;1581.722
2014/10/13;1564.0338
2014/10/14;1563.45716
2014/10/15;1537.3126
2014/10/16;1530.39194
2014/10/17;1551.01297
2014/10/20;1561.03532
2014/10/21;1588.84267
2014/10/22;1594.41506
2014/10/23;1606.92361
2014/10/24;1611.73138
2014/10/27;1604.20379
2014/10/28;1617.42734
2014/10/29;1619.36969
2014/10/30;1640.32183
2014/10/31;1670.50057
2014/11/03;1667.52969
2014/11/04;1655.02768
2014/11/05;1671.87862
2014/11/06;1678.95784
2014/11/07;1681.00343
2014/11/10;1685.69259
2014/11/11;1689.27455
2014/11/12;1681.57156
2014/11/13;1682.62864
2014/11/14;1682.55309
2014/11/17;1682.82738
2014/11/18;1685.08946
2014/11/19;1680.98142
2014/11/20;1681.8015
2014/11/21;1711.9596
2014/11/24;1712.55638
2014/11/25;1708.00777
2014/11/26;1707.33034
2014/11/27;1711.02116
2014/11/28;1707.36419
2014/12/01;1694.18774
2014/12/02;1709.42134
2014/12/03;1724.43044
2014/12/04;1706.02063
2014/12/05;1727.04246
2014/12/08;1715.59662
2014/12/09;1691.34341
2014/12/10;1670.39658
2014/12/11;1673.72785
2014/12/12;1640.74893
2014/12/15;1625.40561
2014/12/16;1612.04558
2014/12/17;1643.41101
2014/12/18;1692.12164
2014/12/19;1705.60992
2014/12/22;1714.24906
2014/12/23;1725.31162
2014/12/24;1725.43814
2014/12/25;1724.92785
2014/12/26;1731.36831
2014/12/29;1733.65521
2014/12/30;1725.91826
2014/12/31;1725.09434
2015/01/01;1725.10525
2015/01/02;1730.31149
2015/01/05;1711.10576
2015/01/06;1697.02456
2015/01/07;1722.16611
2015/01/08;1756.83546
2015/01/09;1741.38484
2015/01/12;1736.13873
2015/01/13;1743.82827
2015/01/14;1730.15997
2015/01/15;1758.17028
2015/01/16;1783.46985
2015/01/19;1768.35531
2015/01/20;1781.83312
2015/01/21;1791.9432
2015/01/22;1835.95764
2015/01/23;1862.10709
2015/01/26;1865.20304
2015/01/27;1834.95737
2015/01/28;1827.77489
2015/01/29;1830.56615
2015/01/30;1820.97617
2015/02/02;1828.15543
2015/02/03;1833.52906
2015/02/04;1838.47083
2015/02/05;1849.72881
2015/02/06;1856.54555
2015/02/09;1850.69962
2015/02/10;1862.58466
2015/02/11;1860.75715
2015/02/12;1870.8185
2015/02/13;1879.46021
2015/02/16;1879.32074
2015/02/17;1882.03462
2015/02/18;1892.8676
2015/02/19;1890.20323
2015/02/20;1900.95561
2015/02/23;1905.12704
2015/02/24;1913.5433
2015/02/25;1913.01663
2015/02/26;1935.05641
2015/02/27;1932.51168
2015/03/02;1939.66496
2015/03/03;1933.57847
2015/03/04;1944.49058
2015/03/05;1954.14778
2015/03/06;1962.01497
2015/03/09;1962.25244
2015/03/10;1954.33889
2015/03/11;1977.3054
2015/03/12;1989.77409
2015/03/13;1996.6342
2015/03/16;2007.08773
2015/03/17;2000.53429
2015/03/18;2012.91613
2015/03/19;2015.74106
2015/03/20;2008.43194
2015/03/23;1989.10362
2015/03/24;1987.78757
2015/03/25;1957.07462
2015/03/26;1955.10421
2015/03/27;1960.46133
2015/03/30;1986.48321
2015/03/31;1987.48017
2015/04/01;1983.12892
2015/04/02;1973.92182
2015/04/03;1975.16579
2015/04/06;1964.74838
2015/04/07;1996.03123
2015/04/08;2014.41288
2015/04/09;2043.1243
2015/04/10;2062.03559
2015/04/13;2066.69412
2015/04/14;2050.17839
2015/04/15;2070.72845
2015/04/16;2059.52447
2015/04/17;2025.27113
2015/04/20;2037.85671
2015/04/21;2045.0005
2015/04/22;2054.50623
2015/04/23;2047.05091
2015/04/24;2044.35476
2015/04/27;2043.76919
2015/04/28;2027.74523
2015/04/29;1988.2882
2015/04/30;1959.51832
2015/05/01;1964.98272
2015/05/04;1979.9685
2015/05/05;1958.47401
2015/05/06;1927.97593
2015/05/07;1937.81629
2015/05/08;1972.43676
2015/05/11;1979.44524
2015/05/12;1957.36375
2015/05/13;1945.35516
2015/05/14;1954.37095
2015/05/15;1949.14514
2015/05/18;1963.34749
2015/05/19;2000.14762
2015/05/20;2003.65838
2015/05/21;2006.42669
2015/05/22;2018.16466
2015/05/25;2018.16531
2015/05/26;2016.71713
2015/05/27;2032.01302
2015/05/28;2020.10223
2015/05/29;1998.58463
2015/06/01;2009.65792
2015/06/02;1971.62407
2015/06/03;1953.84801
2015/06/04;1935.86138
2015/06/05;1949.64771
2015/06/08;1924.07142
2015/06/09;1915.50628
2015/06/10;1931.64193
2015/06/11;1945.91247
2015/06/12;1931.69299
2015/06/15;1919.75236
2015/06/16;1928.33626
2015/06/17;1927.74521
2015/06/18;1918.8475
2015/06/19;1924.70074
2015/06/22;1936.7764
2015/06/23;1974.68348
2015/06/24;1965.25455
2015/06/25;1958.77668
2015/06/26;1961.57434
2015/06/29;1917.67463
2015/06/30;1920.01936
2015/07/01;1938.30698
2015/07/02;1938.16888
2015/07/03;1934.76963
2015/07/06;1919.75736
2015/07/07;1937.08664
2015/07/08;1891.09107
2015/07/09;1908.19243
2015/07/10;1914.35818
2015/07/13;1960.32804
2015/07/14;1972.52274
2015/07/15;1978.67177
2015/07/16;2002.98301
2015/07/17;2010.96246
2015/07/20;2009.03874
2015/07/21;1993.10556
2015/07/22;1987.61173
2015/07/23;1967.05164
2015/07/24;1949.25473
2015/07/27;1909.78828
2015/07/28;1933.69546
2015/07/29;1949.9772
2015/07/30;1966.79628
2015/07/31;1952.19697
2015/08/03;1959.21786
2015/08/04;1959.53729
2015/08/05;1980.28912
2015/08/06;1961.22505
2015/08/07;1951.39825
2015/08/10;1964.00264
2015/08/11;1933.5578
2015/08/12;1898.45434
2015/08/13;1909.66527
2015/08/14;1914.68451
2015/08/17;1924.17783
2015/08/18;1925.17116
2015/08/19;1901.81618
2015/08/20;1847.52658
2015/08/21;1780.06834
2015/08/24;1673.22837
2015/08/25;1695.07459
2015/08/26;1727.736
2015/08/27;1795.55299
2015/08/28;1804.02177
2015/08/31;1794.28391
2015/09/01;1738.56579
2015/09/02;1756.25158
2015/09/03;1785.92646
2015/09/04;1753.21784
2015/09/07;1747.18524
2015/09/08;1772.83505
2015/09/09;1782.13154
2015/09/10;1769.41593
2015/09/11;1760.7312
2015/09/14;1754.33172
2015/09/15;1770.35254
2015/09/16;1789.9174
2015/09/17;1786.88548
2015/09/18;1756.20497
2015/09/21;1780.14487
2015/09/22;1760.91488
2015/09/23;1751.50242
2015/09/24;1718.6931
2015/09/25;1744.69758
2015/09/28;1705.64183
2015/09/29;1693.11262
2015/09/30;1736.24164
2015/10/01;1737.24504
2015/10/02;1746.25991
2015/10/05;1789.92282
2015/10/06;1786.9822
2015/10/07;1808.20563
2015/10/08;1810.96797
2015/10/09;1811.23175
2015/10/12;1810.51973
2015/10/13;1795.33474
2015/10/14;1776.59057
2015/10/15;1809.65183
2015/10/16;1818.96723
2015/10/19;1826.43708
2015/10/20;1818.48819
2015/10/21;1811.45569
2015/10/22;1859.1842
2015/10/23;1900.37633
2015/10/26;1895.93425
2015/10/27;1885.59953
2015/10/28;1900.18109
2015/10/29;1907.78356
2015/10/30;1892.94266
2015/11/02;1903.99331
2015/11/03;1922.8873
2015/11/04;1937.21214
2015/11/05;1933.59294
2015/11/06;1946.34958
2015/11/09;1930.94234
2015/11/10;1937.06471
2015/11/11;1932.62707
2015/11/12;1907.82027
2015/11/13;1891.48204
2015/11/16;1905.48298
2015/11/17;1928.92242
2015/11/18;1944.9919
2015/11/19;1941.93874
2015/11/20;1957.76583
2015/11/23;1961.0441
2015/11/24;1954.69314
2015/11/25;1963.07764
2015/11/26;1966.7976
2015/11/27;1964.96109
2015/11/30;1961.9465
2015/12/01;1972.72498
2015/12/02;1964.17655
2015/12/03;1895.59366
2015/12/04;1903.54603
2015/12/07;1901.04187
2015/12/08;1878.45792
2015/12/09;1856.64115
2015/12/10;1859.24964
2015/12/11;1820.20306
2015/12/14;1809.00002
2015/12/15;1842.53191
2015/12/16;1863.5907
2015/12/17;1871.15302
2015/12/18;1845.4966
2015/12/21;1838.96164
2015/12/22;1842.67352
2015/12/23;1880.77871
2015/12/24;1870.05768
2015/12/25;1869.33972
2015/12/28;1863.61569
2015/12/29;1890.30802
2015/12/30;1878.15734
2015/12/31;1873.83584
2016/01/01;1873.8858
2016/01/04;1845.51349
2016/01/05;1859.6251
2016/01/06;1832.27729
2016/01/07;1779.46199
2016/01/08;1753.3163
2016/01/11;1753.93132
2016/01/12;1761.75028
2016/01/13;1743.03958
2016/01/14;1747.04619
2016/01/15;1698.19459
2016/01/18;1701.45902
2016/01/19;1707.23197
2016/01/20;1673.03861
2016/01/21;1688.96779
2016/01/22;1733.85894
2016/01/25;1718.58706
2016/01/26;1728.39373
2016/01/27;1722.96893
2016/01/28;1714.90135
2016/01/29;1768.25982
2016/02/01;1761.43559
2016/02/02;1729.69654
2016/02/03;1706.49572
2016/02/04;1700.08364
2016/02/05;1679.88063
2016/02/08;1653.91506
2016/02/09;1619.13023
2016/02/10;1633.984
2016/02/11;1591.97794
2016/02/12;1621.47938
2016/02/15;1657.94664
2016/02/16;1674.34127
2016/02/17;1700.60178
2016/02/18;1708.57277
2016/02/19;1701.10084
2016/02/22;1734.93996
2016/02/23;1717.47258
2016/02/24;1709.94079
2016/02/25;1727.70601
2016/02/26;1746.02501
2016/02/29;1748.77947
2016/03/01;1780.89425
2016/03/02;1803.55949
2016/03/03;1799.9499
2016/03/04;1799.99169
2016/03/07;1804.25889
2016/03/08;1777.67332
2016/03/09;1789.22721
2016/03/10;1767.30646
2016/03/11;1796.39783
2016/03/14;1807.07078
2016/03/15;1795.28846
2016/03/16;1803.41471
2016/03/17;1792.09341
2016/03/18;1800.62081
2016/03/21;1804.58519
2016/03/22;1810.4183
2016/03/23;1804.77664
2016/03/24;1795.75568
2016/03/25;1797.0688
2016/03/28;1792.98969
2016/03/29;1807.02744
2016/03/30;1800.94641
2016/03/31;1790.49334
2016/04/01;1788.07105
2016/04/04;1783.61849
2016/04/05;1759.77212
2016/04/06;1773.61953
2016/04/07;1762.04831
2016/04/08;1770.19198
2016/04/11;1766.68957
2016/04/12;1790.61823
2016/04/13;1829.92579
2016/04/14;1840.07513
2016/04/15;1833.27294
2016/04/18;1831.7629
2016/04/19;1843.97313
2016/04/20;1852.11132
2016/04/21;1856.04577
2016/04/22;1857.73516
2016/04/25;1848.40852
2016/04/26;1845.77914
2016/04/27;1846.05882
2016/04/28;1837.74411
2016/04/29;1808.80625
2016/05/02;1802.74942
2016/05/03;1782.93805
2016/05/04;1771.02877
2016/05/05;1782.05772
2016/05/06;1779.66517
2016/05/09;1782.31657
2016/05/10;1803.21052
2016/05/11;1789.5167
2016/05/12;1791.02947
2016/05/13;1791.75539
2016/05/16;1799.23007
2016/05/17;1793.64245
2016/05/18;1800.64166
2016/05/19;1796.59563
2016/05/20;1808.23419
2016/05/23;1807.42132
2016/05/24;1831.75961
2016/05/25;1851.94482
2016/05/26;1849.52328
2016/05/27;1863.58914
2016/05/30;1863.16945
2016/05/31;1862.01467
2016/06/01;1854.09924
2016/06/02;1857.44851
2016/06/03;1835.98749
2016/06/06;1839.71706
2016/06/07;1852.86862
2016/06/08;1853.4947
2016/06/09;1853.14652
2016/06/10;1831.83891
2016/06/13;1808.33539
2016/06/14;1806.03729
2016/06/15;1806.63458
2016/06/16;1813.32129
2016/06/17;1806.30964
2016/06/20;1823.87295
2016/06/21;1840.4443
2016/06/22;1838.72498
2016/06/23;1852.23319
2016/06/24;1801.26092
2016/06/27;1785.14219
2016/06/28;1802.93838
2016/06/29;1834.14807
2016/06/30;1854.65368
2016/07/01;1859.51272
2016/07/04;1860.31957
2016/07/05;1847.25206
2016/07/06;1845.64723
2016/07/07;1850.58021
2016/07/08;1875.40307
2016/07/11;1891.84079
2016/07/12;1904.4823
2016/07/13;1903.38419
2016/07/14;1914.41891
2016/07/15;1918.18309
2016/07/18;1922.71933
2016/07/19;1926.68946
2016/07/20;1936.19778
2016/07/21;1936.334
2016/07/22;1940.88243
2016/07/25;1938.52103
2016/07/26;1939.02181
2016/07/27;1939.66213
2016/07/28;1924.93789
2016/07/29;1922.30018
2016/08/01;1921.94757
2016/08/02;1900.68772
2016/08/03;1903.70438
2016/08/04;1916.27927
2016/08/05;1939.51544
2016/08/08;1944.84314
2016/08/09;1948.24196
2016/08/10;1939.23939
2016/08/11;1946.56185
2016/08/12;1947.33488
2016/08/15;1948.73012
2016/08/16;1929.8785
2016/08/17;1926.9456
2016/08/18;1924.71102
2016/08/19;1919.08057
2016/08/22;1917.69461
2016/08/23;1925.43046
2016/08/24;1928.83695
2016/08/25;1919.70126
2016/08/26;1919.24933
2016/08/29;1937.07748
2016/08/30;1938.7814
2016/08/31;1936.06438
2016/09/01;1929.89132
2016/09/02;1948.12576
2016/09/05;1956.52567
2016/09/06;1952.00121
2016/09/07;1954.12026
2016/09/08;1946.16075
2016/09/09;1917.23066
2016/09/12;1917.93123
2016/09/13;1893.15759
2016/09/14;1889.50764
2016/09/15;1902.93982
2016/09/16;1907.62763
2016/09/19;1914.03007
2016/09/20;1916.76301
2016/09/21;1942.18228
2016/09/22;1946.86166
2016/09/23;1939.07265
2016/09/26;1913.52029
2016/09/27;1932.0973
2016/09/28;1939.9618
2016/09/29;1928.13734
2016/09/30;1929.8269
2016/10/03;1932.76665
2016/10/04;1939.07799
2016/10/05;1935.14354
2016/10/06;1938.62836
2016/10/07;1930.98878
2016/10/10;1941.87782
2016/10/11;1937.26892
2016/10/12;1939.55386
2016/10/13;1927.75229
2016/10/14;1938.26889
2016/10/17;1933.80771
2016/10/18;1954.00245
2016/10/19;1962.31888
2016/10/20;1967.30473
2016/10/21;1973.75126
2016/10/24;1978.15583
2016/10/25;1977.66682
2016/10/26;1964.31656
2016/10/27;1957.75335
2016/10/28;1951.62797
2016/10/31;1945.9778
2016/11/01;1924.60369
2016/11/02;1897.88025
2016/11/03;1895.37513
2016/11/04;1882.3085
2016/11/07;1926.12117
2016/11/08;1932.43288
2016/11/09;1948.94755
2016/11/10;1967.11945
2016/11/11;1960.51858
2016/11/14;1977.7479
2016/11/15;1987.01567
2016/11/16;1994.7221
2016/11/17;2003.67309
2016/11/18;2011.75813
2016/11/21;2017.04572
2016/11/22;2028.53295
2016/11/23;2035.46253
2016/11/24;2032.41556
2016/11/25;2033.48328
2016/11/28;2031.16831
2016/11/29;2025.92125
2016/11/30;2026.10373
2016/12/01;2021.88332
2016/12/02;2011.54474
2016/12/05;2008.82626
2016/12/06;2019.64079
2016/12/07;2037.8437
2016/12/08;2074.33861
2016/12/09;2096.47127
2016/12/12;2081.35788
2016/12/13;2090.96609
2016/12/14;2077.14921
2016/12/15;2110.94793
2016/12/16;2111.88253
2016/12/19;2109.54447
2016/12/20;2124.14674
2016/12/21;2111.81752
2016/12/22;2102.80778
2016/12/23;2103.08891
2016/12/26;2102.41353
2016/12/27;2105.81038
2016/12/28;2110.11132
2016/12/29;2095.58294
2016/12/30;2083.48701
2017/01/02;2085.49753
2017/01/03;2124.68087
2017/01/04;2124.37446
2017/01/05;2110.98882
2017/01/06;2116.1425
2017/01/09;2113.05388
2017/01/10;2110.42206
2017/01/11;2134.05463
2017/01/12;2105.61434
2017/01/13;2115.91746
2017/01/16;2113.22574
2017/01/17;2096.2248
2017/01/18;2100.21023
2017/01/19;2105.16832
2017/01/20;2099.0365
2017/01/23;2086.41817
2017/01/24;2095.46166
2017/01/25;2114.74198
2017/01/26;2128.77873
2017/01/27;2120.94657
2017/01/30;2111.63378
2017/01/31;2088.14784
2017/02/01;2099.73026
2017/02/02;2092.8562
2017/02/03;2107.98598
2017/02/06;2111.00772
2017/02/07;2119.5913
2017/02/08;2121.74005
2017/02/09;2136.76094
2017/02/10;2153.95839
2017/02/13;2168.26088
2017/02/14;2176.71393
2017/02/15;2187.39476
2017/02/16;2172.2968
2017/02/17;2179.0028
2017/02/20;2182.36514
2017/02/21;2206.83014
2017/02/22;2206.20887
2017/02/23;2200.50873
2017/02/24;2198.56347
2017/02/27;2189.3469
2017/02/28;2183.01992
2017/03/01;2216.77989
2017/03/02;2214.98296
2017/03/03;2206.30942
2017/03/06;2196.54512
2017/03/07;2195.21954
2017/03/08;2193.75398
2017/03/09;2187.08525
2017/03/10;2183.0696
2017/03/13;2187.98047
2017/03/14;2185.93309
2017/03/15;2201.41733
2017/03/16;2195.92103
2017/03/17;2194.42356
2017/03/20;2191.07005
2017/03/21;2166.05462
2017/03/22;2161.91038
2017/03/23;2167.66694
2017/03/24;2165.44587
2017/03/27;2147.99941
2017/03/28;2167.12725
2017/03/29;2190.13373
2017/03/30;2196.10947
2017/03/31;2195.29937
2017/04/03;2201.1195
2017/04/04;2200.19906
2017/04/05;2197.21776
2017/04/06;2197.66202
2017/04/07;2204.63516
2017/04/10;2208.97216
2017/04/11;2203.66579
2017/04/12;2201.22003
2017/04/13;2190.90581
2017/04/14;2189.20624
2017/04/17;2196.54601
2017/04/18;2178.96494
2017/04/19;2172.1883
2017/04/20;2175.11351
2017/04/21;2187.46709
2017/04/24;2185.8485
2017/04/25;2186.59383
2017/04/26;2197.27319
2017/04/27;2197.41343
2017/04/28;2189.58887
2017/05/01;2188.5599
2017/05/02;2198.36818
2017/05/03;2193.84224
2017/05/04;2188.84761
2017/05/05;2190.71147
2017/05/08;2205.15561
2017/05/09;2210.4004
2017/05/10;2218.80469
2017/05/11;2216.22694
2017/05/12;2207.64024
2017/05/15;2207.76917
2017/05/16;2193.13699
2017/05/17;2156.49312
2017/05/18;2153.65327
2017/05/19;2155.9118
2017/05/22;2157.98718
2017/05/23;2163.70471
2017/05/24;2173.70492
2017/05/25;2177.50119
2017/05/26;2181.68927
2017/05/29;2182.02168
2017/05/30;2179.67615
2017/05/31;2167.49446
2017/06/01;2183.40216
2017/06/02;2188.18564
2017/06/05;2189.64696
2017/06/06;2181.22928
2017/06/07;2182.73522
2017/06/08;2187.43576
2017/06/09;2193.97008
2017/06/12;2184.42695
2017/06/13;2194.31548
2017/06/14;2183.55862
2017/06/15;2192.00958
2017/06/16;2189.15066
2017/06/19;2210.52519
2017/06/20;2203.65975
2017/06/21;2197.01886
2017/06/22;2196.60869
2017/06/23;2192.29701
2017/06/26;2196.59656
2017/06/27;2170.13292
2017/06/28;2168.42607
2017/06/29;2145.58489
2017/06/30;2145.56304
2017/07/03;2157.74322
2017/07/04;2157.35833
2017/07/05;2163.76497
2017/07/06;2138.44386
2017/07/07;2144.11629
2017/07/10;2150.00065
2017/07/11;2144.68161
2017/07/12;2164.52218
2017/07/13;2174.28076
2017/07/14;2178.62981
2017/07/17;2175.98605
2017/07/18;2156.52004
2017/07/19;2178.77522
2017/07/20;2161.82632
2017/07/21;2153.29319
2017/07/24;2152.66349
2017/07/25;2154.09085
2017/07/26;2161.03408
2017/07/27;2158.3501
2017/07/28;2138.58503
2017/07/31;2132.37073
2017/08/01;2138.79789
2017/08/02;2131.07364
2017/08/03;2124.72668
2017/08/04;2147.66809
2017/08/07;2144.79312
2017/08/08;2151.45454
2017/08/09;2143.54847
2017/08/10;2120.45292
2017/08/11;2107.21853
2017/08/14;2125.08983
2017/08/15;2133.36038
2017/08/16;2142.89285
2017/08/17;2120.0411
2017/08/18;2111.94673
2017/08/21;2102.46597
2017/08/22;2125.82807
2017/08/23;2114.67657
2017/08/24;2115.62792
2017/08/25;2109.84255
2017/08/28;2097.28902
2017/08/29;2083.01486
2017/08/30;2105.97373
2017/08/31;2122.48539
2017/09/01;2131.14574
2017/09/04;2120.93173
2017/09/05;2111.62513
2017/09/06;2112.92381
2017/09/07;2107.93652
2017/09/08;2106.10822
2017/09/11;2130.5875
2017/09/12;2142.45583
2017/09/13;2146.92437
2017/09/14;2152.2579
2017/09/15;2140.75654
2017/09/18;2147.16482
2017/09/19;2147.57546
2017/09/20;2147.73471
2017/09/21;2152.17561
2017/09/22;2146.45172
2017/09/25;2156.72735
2017/09/26;2168.01433
2017/09/27;2179.30128
2017/09/28;2172.77406
2017/09/29;2175.87492
2017/10/02;2195.82623
2017/10/03;2200.56196
2017/10/04;2202.105
2017/10/05;2216.31675
2017/10/06;2211.10537
2017/10/09;2208.43476
2017/10/10;2204.89891
2017/10/11;2203.71432
2017/10/12;2203.98817
2017/10/13;2211.6027
2017/10/16;2221.85386
2017/10/17;2226.55829
2017/10/18;2224.81652
2017/10/19;2210.90266
2017/10/20;2226.24355
2017/10/23;2228.54082
2017/10/24;2226.25145
2017/10/25;2209.94211
2017/10/26;2230.73417
2017/10/27;2263.07812
2017/10/30;2255.73077
2017/10/31;2254.04783
2017/11/01;2267.4518
2017/11/02;2258.4966
2017/11/03;2271.24812
2017/11/06;2279.248
2017/11/07;2281.91737
2017/11/08;2284.199
2017/11/09;2268.67298
2017/11/10;2258.20524
2017/11/13;2251.97787
2017/11/14;2230.34121
2017/11/15;2209.25272
2017/11/16;2232.47748
2017/11/17;2230.66857
2017/11/20;2239.3763
2017/11/21;2258.12604
2017/11/22;2250.92464
2017/11/23;2242.66977
2017/11/24;2231.34618
2017/11/27;2229.3966
2017/11/28;2249.75672
2017/11/29;2252.3546
2017/11/30;2245.12285
2017/12/01;2247.33872
2017/12/04;2253.19687
2017/12/05;2249.92321
2017/12/06;2248.42573
2017/12/07;2253.06204
2017/12/08;2272.46472
2017/12/11;2273.73942
2017/12/12;2287.25854
2017/12/13;2284.18702
2017/12/14;2275.36298
2017/12/15;2284.01589
2017/12/18;2295.79092
2017/12/19;2289.47168
2017/12/20;2275.02114
2017/12/21;2284.5411
2017/12/22;2290.05407
2017/12/25;2290.49794
2017/12/26;2283.7856
2017/12/27;2283.86808
2017/12/28;2281.5293
2017/12/29;2266.41602
2018/01/01;2266.26724
2018/01/02;2275.08343
2018/01/03;2289.53383
2018/01/04;2298.31293
2018/01/05;2320.5314
2018/01/08;2334.81479
2018/01/09;2347.48305
2018/01/10;2336.76637
2018/01/11;2333.17873
2018/01/12;2329.25259
2018/01/15;2314.26724
2018/01/16;2319.19008
2018/01/17;2328.39396
2018/01/18;2326.96521
2018/01/19;2340.84775
2018/01/22;2349.76678
2018/01/23;2353.50866
2018/01/24;2340.11637
2018/01/25;2320.01687
2018/01/26;2347.73442
2018/01/29;2347.9145
2018/01/30;2314.99552
2018/01/31;2306.8222
2018/02/01;2303.81421
2018/02/02;2268.5819
2018/02/05;2205.16832
2018/02/06;2204.90891
2018/02/07;2216.16008
2018/02/08;2169.82429
2018/02/09;2171.35964
2018/02/12;2191.92655
2018/02/13;2184.34767
2018/02/14;2202.76836
2018/02/15;2217.38075
2018/02/16;2229.42857
2018/02/19;2237.56669
2018/02/20;2236.6613
2018/02/21;2236.78704
2018/02/22;2234.06794
2018/02/23;2263.58363
2018/02/26;2284.46572
2018/02/27;2274.68873
2018/02/28;2257.76883
2018/03/01;2234.6781
2018/03/02;2208.18366
2018/03/05;2218.7171
2018/03/06;2220.12068
2018/03/07;2216.70913
2018/03/08;2240.62881
2018/03/09;2266.7337
2018/03/12;2275.30044
2018/03/13;2253.1185
2018/03/14;2249.45725
2018/03/15;2254.9638
2018/03/16;2262.34969
2018/03/19;2229.58629
2018/03/20;2241.61057
2018/03/21;2241.08738
2018/03/22;2199.05341
2018/03/23;2150.94648
2018/03/26;2167.97643
2018/03/27;2166.28532
2018/03/28;2163.3935
2018/03/29;2190.45887
2018/03/30;2192.1667
2018/04/02;2164.50349
2018/04/03;2180.55133
2018/04/04;2184.06346
2018/04/05;2217.58809
2018/04/06;2185.94538
2018/04/09;2185.20603
2018/04/10;2206.88654
2018/04/11;2193.9838
2018/04/12;2213.99871
2018/04/13;2209.98389
2018/04/16;2211.42318
2018/04/17;2230.52683
2018/04/18;2234.34938
2018/04/19;2231.80182
2018/04/20;2229.38119
2018/04/23;2235.41335
2018/04/24;2221.56963
2018/04/25;2221.89252
2018/04/26;2248.41656
2018/04/27;2257.06325
2018/04/30;2253.71131
2018/05/01;2267.77448
2018/05/02;2264.58576
2018/05/03;2257.5158
2018/05/04;2278.11687
2018/05/07;2288.92136
2018/05/08;2299.27919
2018/05/09;2313.8778
2018/05/10;2325.97214
2018/05/11;2324.43716
2018/05/14;2324.64337
2018/05/15;2325.8279
2018/05/16;2344.59307
2018/05/17;2344.37432
2018/05/18;2343.50177
2018/05/21;2356.78425
2018/05/22;2352.17786
2018/05/23;2357.74104
2018/05/24;2349.47934
2018/05/25;2357.13364
2018/05/28;2360.67645
2018/05/29;2345.90439
2018/05/30;2349.7527
2018/05/31;2332.81324
2018/06/01;2352.56414
2018/06/04;2362.41902
2018/06/05;2364.62516
2018/06/06;2360.36228
2018/06/07;2353.42886
2018/06/08;2361.57988
2018/06/11;2361.04074
2018/06/12;2366.12767
2018/06/13;2363.06686
2018/06/14;2387.03536
2018/06/15;2382.96661
2018/06/18;2373.27491
2018/06/19;2364.23267
2018/06/20;2369.70418
2018/06/21;2349.53588
2018/06/22;2354.1463
2018/06/25;2312.9287
2018/06/26;2318.97723
2018/06/27;2318.14334
2018/06/28;2323.21153
2018/06/29;2319.44587
2018/07/02;2322.72116
2018/07/03;2314.0764
2018/07/04;2315.10255
2018/07/05;2316.96665
2018/07/06;2324.2348
2018/07/09;2345.11782
2018/07/10;2357.77572
2018/07/11;2336.8483
2018/07/12;2358.38016
2018/07/13;2367.34422
2018/07/16;2356.22759
2018/07/17;2366.63888
2018/07/18;2378.8878
2018/07/19;2376.12751
2018/07/20;2363.69097
2018/07/23;2364.48738
2018/07/24;2378.74027
2018/07/25;2397.01096
2018/07/26;2401.3381
2018/07/27;2398.86447
2018/07/30;2379.24552
2018/07/31;2384.97294
2018/08/01;2387.32473
2018/08/02;2392.97281
2018/08/03;2407.10447
2018/08/06;2415.37994
2018/08/07;2420.30294
2018/08/08;2417.63966
2018/08/09;2422.31916
2018/08/10;2423.53783
2018/08/13;2409.35482
2018/08/14;2429.2613
2018/08/15;2416.19465
2018/08/16;2414.50823
2018/08/17;2418.33319
2018/08/20;2423.10908
2018/08/21;2414.13506
2018/08/22;2403.6617
2018/08/23;2401.79663
2018/08/24;2403.71308
2018/08/27;2417.38966
2018/08/28;2411.66683
2018/08/29;2423.82649
2018/08/30;2419.61449
2018/08/31;2417.93918
2018/09/03;2415.22022
2018/09/04;2417.95304
2018/09/05;2389.61471
2018/09/06;2379.8432
2018/09/07;2384.41834
2018/09/10;2382.85686
2018/09/11;2389.75987
2018/09/12;2386.75191
2018/09/13;2389.92842
2018/09/14;2398.61529
2018/09/17;2386.001
2018/09/18;2396.62256
2018/09/19;2410.85927
2018/09/20;2412.67737
2018/09/21;2419.18943
2018/09/24;2404.3606
2018/09/25;2406.68856
2018/09/26;2411.87881
2018/09/27;2426.99634
2018/09/28;2434.39984
2018/10/01;2444.62789
2018/10/02;2443.39967
2018/10/03;2447.14802
2018/10/04;2427.35531
2018/10/05;2413.3194
2018/10/08;2412.59859
2018/10/09;2407.98145
2018/10/10;2345.14532
2018/10/11;2287.02271
2018/10/12;2310.64575
2018/10/15;2295.50498
2018/10/16;2335.18946
2018/10/17;2344.366
2018/10/18;2324.94652
2018/10/19;2321.56888
2018/10/22;2320.22862
2018/10/23;2296.67182
2018/10/24;2263.37799
2018/10/25;2281.29296
2018/10/26;2256.56846
2018/10/29;2246.40622
2018/10/30;2273.28154
2018/10/31;2309.69919
2018/11/01;2318.11135
2018/11/02;2325.71565
2018/11/05;2324.55321
2018/11/06;2331.19616
2018/11/07;2355.08275
2018/11/08;2363.18295
2018/11/09;2355.30745
2018/11/12;2339.52361
2018/11/13;2330.63412
2018/11/14;2314.3922
2018/11/15;2326.30376
2018/11/16;2318.21639
2018/11/19;2285.86346
2018/11/20;2257.68396
2018/11/21;2268.94369
2018/11/22;2266.32398
2018/11/23;2268.52097
2018/11/26;2295.23261
2018/11/27;2307.45282
2018/11/28;2342.94614
2018/11/29;2328.26437
2018/11/30;2346.67911
2018/12/03;2372.5598
2018/12/04;2321.36714
2018/12/05;2311.66906
2018/12/06;2279.08126
2018/12/07;2253.51707
2018/12/10;2237.84557
2018/12/11;2250.17546
2018/12/12;2267.7178
2018/12/13;2272.01676
2018/12/14;2246.44534
2018/12/17;2210.07048
2018/12/18;2197.30848
2018/12/19;2172.98505
2018/12/20;2141.84229
2018/12/21;2113.8382
2018/12/24;2080.86893
2018/12/25;2071.62454
2018/12/26;2127.63005
2018/12/27;2142.1932
2018/12/28;2148.05358
2018/12/31;2162.76137
2019/01/01;2162.8699
2019/01/02;2171.75721
2019/01/03;2135.66581
2019/01/04;2187.12486
2019/01/07;2196.81414
2019/01/08;2215.85189
2019/01/09;2223.17316
2019/01/10;2228.95088
2019/01/11;2237.53774
2019/01/14;2228.43417
2019/01/15;2253.955
2019/01/16;2265.49529
2019/01/17;2277.39945
2019/01/18;2307.88677
2019/01/21;2308.27009
2019/01/22;2286.02034
2019/01/23;2283.04956
2019/01/24;2293.49158
2019/01/25;2306.70879
2019/01/28;2285.08699
2019/01/29;2290.46968
2019/01/30;2311.28783
2019/01/31;2323.31095
2019/02/01;2325.74987
2019/02/04;2341.38159
2019/02/05;2359.64875
2019/02/06;2361.1596
2019/02/07;2343.41091
2019/02/08;2341.03047
2019/02/11;2352.82354
2019/02/12;2373.73191
2019/02/13;2384.33503
2019/02/14;2381.79141
2019/02/15;2400.97023
2019/02/18;2399.87504
2019/02/19;2397.50977
2019/02/20;2405.91676
2019/02/21;2400.9623
2019/02/22;2413.85394
2019/02/25;2419.76639
2019/02/26;2416.84646
2019/02/27;2411.43656
2019/02/28;2401.90476
2019/03/01;2412.62848
2019/03/04;2421.66181
2019/03/05;2422.57226
2019/03/06;2411.5556
2019/03/07;2409.91667
2019/03/08;2394.89086
2019/03/11;2424.06173
2019/03/12;2424.96085
2019/03/13;2429.69274
2019/03/14;2431.42173
2019/03/15;2442.30582
2019/03/18;2452.46509
2019/03/19;2453.76457
2019/03/20;2443.45161
2019/03/21;2458.0375
2019/03/22;2439.14275
2019/03/25;2419.02493
2019/03/26;2445.27883
2019/03/27;2442.93779
2019/03/28;2448.2536
2019/03/29;2466.3438
2019/04/01;2496.05076
2019/04/02;2503.16374
2019/04/03;2508.49317
2019/04/04;2511.48741
2019/04/05;2518.80093
2019/04/08;2514.06511
2019/04/09;2503.66439
2019/04/10;2514.19846
2019/04/11;2506.94464
2019/04/12;2510.12376
2019/04/15;2512.76548
2019/04/16;2518.75519
2019/04/17;2516.90329
2019/04/18;2528.10416
2019/04/19;2528.28598
2019/04/22;2526.10887
2019/04/23;2550.61194
2019/04/24;2544.43579
2019/04/25;2552.70733
2019/04/26;2557.71354
2019/04/29;2560.58666
2019/04/30;2553.61005
2019/05/01;2537.57646
2019/05/02;2541.31899
2019/05/03;2558.63833
2019/05/06;2540.63768
2019/05/07;2508.78267
2019/05/08;2500.1517
2019/05/09;2475.32026
2019/05/10;2481.01735
2019/05/13;2436.62394
2019/05/14;2455.3273
2019/05/15;2469.1413
2019/05/16;2491.08477
2019/05/17;2482.37316
2019/05/20;2469.15038
2019/05/21;2480.14346
2019/05/22;2480.09302
2019/05/23;2453.20028
2019/05/24;2450.38282
2019/05/27;2455.48816
2019/05/28;2447.27973
2019/05/29;2432.88422
2019/05/30;2441.10292
2019/05/31;2417.3594
2019/06/03;2406.84936
2019/06/04;2432.40338
2019/06/05;2445.02349
2019/06/06;2448.93825
2019/06/07;2461.53752
2019/06/10;2478.83907
2019/06/11;2486.32583
2019/06/12;2477.83322
2019/06/13;2490.25662
2019/06/14;2493.14047
2019/06/17;2491.30983
2019/06/18;2524.48042
2019/06/19;2533.01705
2019/06/20;2542.97053
2019/06/21;2530.83443
2019/06/24;2515.94817
2019/06/25;2501.22079
2019/06/26;2497.93105
2019/06/27;2510.47877
2019/06/28;2518.40518
2019/07/01;2549.4161
2019/07/02;2562.62518
2019/07/03;2580.07393
2019/07/04;2583.69357
2019/07/05;2585.87
2019/07/08;2572.57507
2019/07/09;2572.4247
2019/07/10;2571.77317
2019/07/11;2577.64031
2019/07/12;2583.90987
2019/07/15;2585.36014
2019/07/16;2588.75993
2019/07/17;2576.4787
2019/07/18;2577.15687
2019/07/19;2574.70567
2019/07/22;2576.50691
2019/07/23;2606.02147
2019/07/24;2616.13148
2019/07/25;2601.25407
2019/07/26;2615.78914
2019/07/29;2610.35209
2019/07/30;2598.56017
2019/07/31;2581.73498
2019/08/01;2581.10598
2019/08/02;2540.98477
2019/08/05;2459.64976
2019/08/06;2470.90567
2019/08/07;2469.49076
2019/08/08;2510.68286
2019/08/09;2498.28163
2019/08/12;2475.18226
2019/08/13;2496.95292
2019/08/14;2455.63468
2019/08/15;2461.16465
2019/08/16;2490.52783
2019/08/19;2519.08993
2019/08/20;2508.71593
2019/08/21;2524.95897
2019/08/22;2522.03859
2019/08/23;2477.58194
2019/08/26;2483.54459
2019/08/27;2487.50079
2019/08/28;2500.81391
2019/08/29;2526.45964
2019/08/30;2549.51939
2019/09/02;2557.46912
2019/09/03;2545.74397
2019/09/04;2559.1915
2019/09/05;2585.95866
2019/09/06;2591.61059
2019/09/09;2590.07724
2019/09/10;2594.48314
2019/09/11;2623.73547
2019/09/12;2625.56523
2019/09/13;2619.41313
2019/09/16;2629.57222
2019/09/17;2620.9882
2019/09/18;2618.83454
2019/09/19;2622.25022
2019/09/20;2627.53012
2019/09/23;2625.77424
2019/09/24;2612.4792
2019/09/25;2622.13815
2019/09/26;2626.64866
2019/09/27;2616.40833
2019/09/30;2631.52639
2019/10/01;2604.63293
2019/10/02;2556.12833
2019/10/03;2558.09126
2019/10/04;2584.00631
2019/10/07;2577.73467
2019/10/08;2557.99875
2019/10/09;2566.53432
2019/10/10;2572.97348
2019/10/11;2602.99586
2019/10/14;2602.88537
2019/10/15;2623.42627
2019/10/16;2620.97266
2019/10/17;2613.59298
2019/10/18;2600.5218
2019/10/21;2614.97779
2019/10/22;2615.2765
2019/10/23;2622.49246
2019/10/24;2634.78206
2019/10/25;2645.10531
2019/10/28;2655.52318
2019/10/29;2651.77567
2019/10/30;2654.42983
2019/10/31;2643.22352
2019/11/01;2661.26394
2019/11/04;2679.049
2019/11/05;2698.46177
2019/11/06;2700.31589
2019/11/07;2715.38575
2019/11/08;2720.89423
2019/11/11;2711.58721
2019/11/12;2721.92846
2019/11/13;2717.16345
2019/11/14;2715.98766
2019/11/15;2724.3434
2019/11/18;2721.39948
2019/11/19;2722.14504
2019/11/20;2713.56076
2019/11/21;2704.25333
2019/11/22;2719.82666
2019/11/25;2744.49084
2019/11/26;2746.51589
2019/11/27;2760.35103
2019/11/28;2757.10175
2019/11/29;2739.34621
2019/12/02;2712.29333
2019/12/03;2694.4563
2019/12/04;2706.39812
2019/12/05;2710.61416
2019/12/06;2742.07588
2019/12/09;2733.86063
2019/12/10;2725.4423
2019/12/11;2734.45308
2019/12/12;2745.70456
2019/12/13;2757.28172
2019/12/16;2775.7126
2019/12/17;2775.14578
2019/12/18;2780.34637
2019/12/19;2789.91056
2019/12/20;2807.83249
2019/12/23;2809.33317
2019/12/24;2809.24571
2019/12/25;2808.49227
2019/12/26;2816.51892
2019/12/27;2808.1566
2019/12/30;2785.92207
2019/12/31;2784.80715
2020/01/01;2784.79946
2020/01/02;2812.76167
2020/01/03;2807.25986
2020/01/06;2798.66211
2020/01/07;2809.98554
2020/01/08;2818.45372
2020/01/09;2841.93476
2020/01/10;2838.34752
2020/01/13;2846.7905
2020/01/14;2850.43937
2020/01/15;2844.82063
2020/01/16;2862.70897
2020/01/17;2886.59834
2020/01/20;2888.86593
2020/01/21;2873.307
2020/01/22;2882.22707
2020/01/23;2882.57907
2020/01/24;2876.08086
2020/01/27;2832.67773
2020/01/28;2852.0649
2020/01/29;2852.50058
2020/01/30;2833.71101
2020/01/31;2788.52958
2020/02/03;2804.28486
2020/02/04;2849.90476
2020/02/05;2883.51069
2020/02/06;2906.45636
2020/02/07;2894.57829
2020/02/10;2912.16469
2020/02/11;2927.17809
2020/02/12;2949.95225
2020/02/13;2956.96752
2020/02/14;2959.2825
2020/02/17;2962.56572
2020/02/18;2951.02156
2020/02/19;2972.60811
2020/02/20;2954.7931
2020/02/21;2919.9847
2020/02/24;2832.9345
2020/02/25;2765.56846
2020/02/26;2749.51678
2020/02/27;2630.3168
2020/02/28;2584.41131
2020/03/02;2627.18036
2020/03/03;2586.36861
2020/03/04;2663.42947
2020/03/05;2601.23332
2020/03/06;2520.72564
2020/03/09;2321.6275
2020/03/10;2398.55839
2020/03/11;2325.66266
2020/03/12;2141.17538
2020/03/13;2254.42616
2020/03/16;2037.84426
2020/03/17;2139.75539
2020/03/18;2057.59078
2020/03/19;2088.95192
2020/03/20;2057.16373
2020/03/23;1976.62815
2020/03/24;2135.02738
2020/03/25;2187.0565
2020/03/26;2248.00837
2020/03/27;2189.13853
2020/03/30;2238.49368
2020/03/31;2236.92369
2020/04/01;2163.87774
2020/04/02;2202.08193
2020/04/03;2184.84558
2020/04/06;2307.37823
2020/04/07;2309.81133
2020/04/08;2360.73198
2020/04/09;2381.66105
2020/04/10;2383.58864
2020/04/13;2374.04241
2020/04/14;2416.48605
2020/04/15;2378.59406
2020/04/16;2393.70409
2020/04/17;2447.1506
2020/04/20;2423.19604
2020/04/21;2354.91672
2020/04/22;2403.7085
2020/04/23;2411.89146
2020/04/24;2425.13637
2020/04/27;2461.80194
2020/04/28;2467.53485
2020/04/29;2518.71015
2020/04/30;2479.14811
2020/05/01;2413.43218
2020/05/04;2416.45117
2020/05/05;2457.6153
2020/05/06;2456.88628
2020/05/07;2481.07503
2020/05/08;2502.9311
2020/05/11;2513.95449
2020/05/12;2472.83769
2020/05/13;2443.29679
2020/05/14;2447.29379
2020/05/15;2455.66907
2020/05/18;2515.7685
2020/05/19;2491.85407
2020/05/20;2516.61664
2020/05/21;2509.32693
2020/05/22;2511.29775
2020/05/25;2524.16791
2020/05/26;2543.49405
2020/05/27;2570.44108
2020/05/28;2563.98097
2020/05/29;2549.44262
2020/06/01;2569.8967
2020/06/02;2589.37961
2020/06/03;2625.60417
2020/06/04;2594.49554
2020/06/05;2657.09947
2020/06/08;2684.92305
2020/06/09;2659.0655
2020/06/10;2650.98001
2020/06/11;2521.61592
2020/06/12;2560.21643
2020/06/15;2552.95137
2020/06/16;2619.61138
2020/06/17;2622.67105
2020/06/18;2620.7638
2020/06/19;2623.76509
2020/06/22;2616.58754
2020/06/23;2620.52019
2020/06/24;2575.56053
2020/06/25;2600.83189
2020/06/26;2565.18296
2020/06/29;2573.12069
2020/06/30;2602.40949
2020/07/01;2606.73891
2020/07/02;2639.47123
2020/07/03;2638.65821
2020/07/06;2667.87369
2020/07/07;2651.99574
2020/07/08;2654.57122
2020/07/09;2654.74828
2020/07/10;2664.35744
2020/07/13;2650.23446
2020/07/14;2655.41462
2020/07/15;2682.55515
2020/07/16;2663.10675
2020/07/17;2672.95174
2020/07/20;2689.5079
2020/07/21;2695.25823
2020/07/22;2674.34599
2020/07/23;2655.06673
2020/07/24;2626.67801
2020/07/27;2615.2508
2020/07/28;2618.47736
2020/07/29;2627.91601
2020/07/30;2606.19685
2020/07/31;2598.16282
2020/08/03;2635.19895
2020/08/04;2648.42546
2020/08/05;2642.86871
2020/08/06;2657.01698
2020/08/07;2661.99522
2020/08/10;2671.57493
2020/08/11;2673.40106
2020/08/12;2696.57235
2020/08/13;2689.10658
2020/08/14;2684.43782
2020/08/17;2686.02201
2020/08/18;2681.51154
2020/08/19;2680.55506
2020/08/20;2682.63075
2020/08/21;2701.96794
2020/08/24;2724.29254
2020/08/25;2729.28125
2020/08/26;2754.882
2020/08/27;2758.83647
2020/08/28;2748.8634
2020/08/31;2727.70347
2020/09/01;2740.86909
2020/09/02;2796.82336
2020/09/03;2730.95172
2020/09/04;2711.37881
2020/09/07;2711.17155
2020/09/08;2666.70083
2020/09/09;2699.30707
2020/09/10;2661.14691
2020/09/11;2672.53656
2020/09/14;2694.47359
2020/09/15;2712.21319
2020/09/16;2715.32732
2020/09/17;2697.3559
2020/09/18;2671.4193
2020/09/21;2652.4358
2020/09/22;2672.07002
2020/09/23;2641.15792
2020/09/24;2636.30887
2020/09/25;2667.40208
2020/09/28;2704.86962
2020/09/29;2679.22732
2020/09/30;2690.77084
2020/10/01;2702.26191
2020/10/02;2689.589
2020/10/05;2715.76839
2020/10/06;2698.53081
2020/10/07;2733.27161
2020/10/08;2757.42898
2020/10/09;2762.8369
2020/10/12;2796.9814
2020/10/13;2798.90957
2020/10/14;2785.78759
2020/10/15;2776.21916
2020/10/16;2777.02157
2020/10/19;2742.58932
2020/10/20;2737.95937
2020/10/21;2725.30105
2020/10/22;2739.11108
2020/10/23;2746.70938
2020/10/26;2709.66126
2020/10/27;2697.36187
2020/10/28;2639.95375
2020/10/29;2671.00077
2020/10/30;2643.3686
2020/11/02;2679.01513
2020/11/03;2708.69121
2020/11/04;2761.24094
2020/11/05;2794.59519
2020/11/06;2787.51046
2020/11/09;2840.54918
2020/11/10;2845.01345
2020/11/11;2877.5973
2020/11/12;2847.67052
2020/11/13;2867.94048
2020/11/16;2900.70778
2020/11/17;2887.82229
2020/11/18;2875.78087
2020/11/19;2883.58161
2020/11/20;2876.38936
2020/11/23;2896.54045
2020/11/24;2925.85122
2020/11/25;2918.5688
2020/11/26;2922.72061
2020/11/27;2922.87969
2020/11/30;2893.28559
2020/12/01;2908.32794
2020/12/02;2904.48784
2020/12/03;2895.57867
2020/12/04;2921.89523
2020/12/07;2919.90604
2020/12/08;2929.654
2020/12/09;2926.51954
2020/12/10;2913.86004
2020/12/11;2913.93858
2020/12/14;2905.60558
2020/12/15;2920.65667
2020/12/16;2926.91873
2020/12/17;2934.96031
2020/12/18;2927.33177
2020/12/21;2907.76394
2020/12/22;2913.32237
2020/12/23;2920.91174
2020/12/24;2929.22329
2020/12/25;2929.9691
2020/12/28;2937.29006
2020/12/29;2941.45625
2020/12/30;2938.76239
2020/12/31;2959.18738
2021/01/01;2959.37869
2021/01/04;2936.17583
2021/01/05;2950.66547
2021/01/06;2965.53691
2021/01/07;3004.55948
2021/01/08;3032.8595
2021/01/11;3036.3507
2021/01/12;3039.93228
2021/01/13;3047.21234
2021/01/14;3055.03747
2021/01/15;3040.14284
2021/01/18;3043.36388
2021/01/19;3054.10162
2021/01/20;3093.84197
2021/01/21;3087.68486
2021/01/22;3067.59105
2021/01/25;3085.86858
2021/01/26;3067.16387
2021/01/27;3025.49918
2021/01/28;3025.64509
2021/01/29;2966.38907
2021/02/01;3026.27425
2021/02/02;3080.68677
2021/02/03;3094.27032
2021/02/04;3120.46834
2021/02/05;3125.8756
2021/02/08;3143.79092
2021/02/09;3135.88275
2021/02/10;3135.20875
2021/02/11;3142.17132
2021/02/12;3157.03538
2021/02/15;3167.20119
2021/02/16;3171.63695
2021/02/17;3183.91674
2021/02/18;3154.86475
2021/02/19;3145.14295
2021/02/22;3117.72057
2021/02/23;3113.22229
2021/02/24;3128.30755
2021/02/25;3067.80204
2021/02/26;3040.62959
2021/03/01;3124.17687
2021/03/02;3106.68576
2021/03/03;3086.63662
2021/03/04;3053.5412
2021/03/05;3106.05494
2021/03/08;3106.49886
2021/03/09;3139.21584
2021/03/10;3153.01446
2021/03/11;3174.48535
2021/03/12;3180.13308
2021/03/15;3196.62591
2021/03/16;3207.91962
2021/03/17;3205.66424
2021/03/18;3181.18889
2021/03/19;3175.14885
2021/03/22;3180.84517
2021/03/23;3171.49007
2021/03/24;3156.09426
2021/03/25;3176.12456
2021/03/26;3214.84855
2021/03/29;3221.62516
2021/03/30;3230.60338
2021/03/31;3227.93455
2021/04/01;3260.52209
2021/04/02;3263.1366
2021/04/05;3284.49179
2021/04/06;3278.12919
2021/04/07;3264.83527
2021/04/08;3280.57131
2021/04/09;3292.89554
2021/04/12;3282.31189
2021/04/13;3288.06737
2021/04/14;3277.29006
2021/04/15;3305.2587
2021/04/16;3317.43638
2021/04/19;3298.18252
2021/04/20;3262.25248
2021/04/21;3279.24058
2021/04/22;3274.3091
2021/04/23;3291.46818
2021/04/26;3294.57291
2021/04/27;3291.12038
2021/04/28;3290.45844
2021/04/29;3296.46739
2021/04/30;3287.94849
2021/05/03;3285.43837
2021/05/04;3271.69706
2021/05/05;3288.49737
2021/05/06;3296.80254
2021/05/07;3304.01822
2021/05/10;3283.37751
2021/05/11;3243.63036
2021/05/12;3214.30522
2021/05/13;3224.3788
2021/05/14;3256.34757
2021/05/17;3250.52932
2021/05/18;3232.91959
2021/05/19;3214.60333
2021/05/20;3243.80084
2021/05/21;3253.50855
2021/05/24;3267.25101
2021/05/25;3265.43597
2021/05/26;3278.24897
2021/05/27;3284.10651
2021/05/28;3300.70497
2021/05/31;3289.75784
2021/06/01;3295.6304
2021/06/02;3309.48431
2021/06/03;3315.18375
2021/06/04;3330.55501
2021/06/07;3327.42742
2021/06/08;3327.20443
2021/06/09;3321.01246
2021/06/10;3336.33317
2021/06/11;3358.89908
2021/06/14;3362.0383
2021/06/15;3358.26154
2021/06/16;3349.1642
2021/06/17;3382.90342
2021/06/18;3364.77714
2021/06/21;3372.48952
2021/06/22;3393.94017
2021/06/23;3380.70147
2021/06/24;3403.94439
2021/06/25;3412.90503
2021/06/28;3420.05394
2021/06/29;3424.05626
2021/06/30;3429.95511
2021/07/01;3436.52094
2021/07/02;3457.77122
2021/07/05;3455.79562
2021/07/06;3455.84965
2021/07/07;3469.59007
2021/07/08;3418.92824
2021/07/09;3446.53158
2021/07/12;3463.8753
2021/07/13;3471.88654
2021/07/14;3473.16238
2021/07/15;3461.48205
2021/07/16;3443.41074
2021/07/19;3387.31455
2021/07/20;3426.71092
2021/07/21;3449.96888
2021/07/22;3464.06596
2021/07/23;3494.86909
2021/07/26;3479.78593
2021/07/27;3454.43245
2021/07/28;3465.92544
2021/07/29;3471.46457
2021/07/30;3452.43522
2021/08/02;3459.17054
2021/08/03;3480.96279
2021/08/04;3480.78432
2021/08/05;3498.25239
2021/08/06;3516.16219
2021/08/09;3519.53761
2021/08/10;3532.6776
2021/08/11;3537.35882
2021/08/12;3544.94953
2021/08/13;3532.39922
2021/08/16;3527.78734
2021/08/17;3521.89987
2021/08/18;3503.91041
2021/08/19;3488.3847
2021/08/20;3501.47681
2021/08/23;3521.28119
2021/08/24;3535.16248
2021/08/25;3543.62909
2021/08/26;3524.61918
2021/08/27;3540.6125
2021/08/30;3553.59652
2021/08/31;3554.06821
2021/09/01;3550.747
2021/09/02;3557.47667
2021/09/03;3557.25466
2021/09/06;3572.09764
2021/09/07;3566.21246
2021/09/08;3561.50672
2021/09/09;3544.25301
2021/09/10;3529.48972
2021/09/13;3539.28682
2021/09/14;3525.18571
2021/09/15;3534.45223
2021/09/16;3542.24469
2021/09/17;3524.93799
2021/09/20;3472.04509
2021/09/21;3476.44945
2021/09/22;3498.00717
2021/09/23;3528.92155
2021/09/24;3535.29563
2021/09/27;3532.45638
2021/09/28;3476.71276
2021/09/29;3488.39393
2021/09/30;3474.1369
2021/10/01;3486.18132
2021/10/04;3445.97067
2021/10/05;3477.9337
2021/10/06;3489.45869
2021/10/07;3523.40448
2021/10/08;3518.49453
2021/10/11;3510.17937
2021/10/12;3505.42427
2021/10/13;3513.21247
2021/10/14;3557.29315
2021/10/15;3583.44329
2021/10/18;3588.17231
2021/10/19;3600.1617
2021/10/20;3613.4777
2021/10/21;3615.32077
2021/10/22;3614.16458
2021/10/25;3634.3321
2021/10/26;3648.49238
2021/10/27;3627.57957
2021/10/28;3626.78762
2021/10/29;3651.32836
2021/11/01;3661.25323
2021/11/02;3669.99381
2021/11/03;3684.81765
2021/11/04;3713.028
2021/11/05;3716.8387
2021/11/08;3712.57969
2021/11/09;3704.88416
2021/11/10;3700.67023
2021/11/11;3717.79262
2021/11/12;3750.95789
2021/11/15;3762.79784
2021/11/16;3792.13586
2021/11/17;3794.14943
2021/11/18;3781.47529
2021/11/19;3783.20397
2021/11/22;3786.52818
2021/11/23;3773.84898
2021/11/24;3796.19577
2021/11/25;3797.22735
2021/11/26;3677.20702
2021/11/29;3714.8614
2021/11/30;3660.12109
2021/12/01;3628.43883
2021/12/02;3661.76895
2021/12/03;3646.93973
2021/12/06;3678.84355
2021/12/07;3762.60772
2021/12/08;3748.20394
2021/12/09;3743.51638
2021/12/10;3750.60946
2021/12/13;3730.77674
2021/12/14;3704.40691
2021/12/15;3746.80998
2021/12/16;3726.09726
2021/12/17;3704.0893
2021/12/20;3649.3098
2021/12/21;3716.9377
2021/12/22;3731.97923
2021/12/23;3764.0694
2021/12/24;3758.5128
2021/12/27;3794.14684
2021/12/28;3805.57868
2021/12/29;3790.24429
2021/12/30;3790.56709
2021/12/31;3775.03169
2022/01/03;3812.11517
2022/01/04;3815.16266
2022/01/05;3756.68631
2022/01/06;3748.81579
2022/01/07;3728.5784
2022/01/10;3728.30497
2022/01/11;3752.43028
2022/01/12;3756.50074
2022/01/13;3710.57478
2022/01/14;3707.11182
2022/01/17;3719.02165
2022/01/18;3680.69075
2022/01/19;3652.63545
2022/01/20;3640.97261
2022/01/21;3578.48356
2022/01/24;3561.60049
2022/01/25;3537.52949
2022/01/26;3540.54262
2022/01/27;3550.2814
2022/01/28;3596.66503
2022/01/31;3643.4076
2022/02/01;3661.64851
2022/02/02;3675.02984
2022/02/03;3572.57729
2022/02/04;3577.63925
2022/02/07;3574.77511
2022/02/08;3601.15891
2022/02/09;3655.06366
2022/02/10;3609.18646
2022/02/11;3576.27461
2022/02/14;3570.1266
2022/02/15;3601.7179
2022/02/16;3612.32853
2022/02/17;3558.4745
2022/02/18;3537.34136
2022/02/21;3526.48384
2022/02/22;3495.57506
2022/02/23;3457.8292
2022/02/24;3500.17951
2022/02/25;3543.98664
2022/02/28;3546.30116
2022/03/01;3527.42984
2022/03/02;3583.37323
2022/03/03;3564.57819
2022/03/04;3550.71001
2022/03/07;3467.8534
2022/03/08;3439.77119
2022/03/09;3480.50806
2022/03/10;3485.49018
2022/03/11;3463.33903
2022/03/14;3435.72658
2022/03/15;3469.75393
2022/03/16;3558.13286
2022/03/17;3584.30237
2022/03/18;3628.18869
2022/03/21;3624.6754
2022/03/22;3671.23171
2022/03/23;3652.31254
2022/03/24;3679.58199
2022/03/25;3691.87483
2022/03/28;3709.84889
2022/03/29;3721.94117
2022/03/30;3693.52017
2022/03/31;3658.39231
2022/04/01;3693.08124
2022/04/04;3737.61124
2022/04/05;3722.37721
2022/04/06;3683.3266
2022/04/07;3682.33568
2022/04/08;3694.62432
2022/04/11;3638.36415
2022/04/12;3632.21419
2022/04/13;3671.43496
2022/04/14;3669.48934
2022/04/15;3666.94917
2022/04/18;3652.85175
2022/04/19;3684.24739
2022/04/20;3669.61397
2022/04/21;3637.34312
2022/04/22;3571.60154
2022/04/25;3577.13969
2022/04/26;3525.47149
2022/04/27;3563.77529
2022/04/28;3628.10811
2022/04/29;3553.32375
2022/05/02;3561.33132
2022/05/03;3570.06027
2022/05/04;3624.29216
2022/05/05;3540.50158
2022/05/06;3489.58246
2022/05/09;3400.41218
2022/05/10;3398.28702
2022/05/11;3372.02542
2022/05/12;3392.45031
2022/05/13;3474.2885
2022/05/16;3464.49542
2022/05/17;3489.27332
2022/05/18;3407.88949
2022/05/19;3361.60318
2022/05/20;3385.0217
2022/05/23;3402.10927
2022/05/24;3354.39509
2022/05/25;3391.14687
2022/05/26;3428.29323
2022/05/27;3503.07538
2022/05/30;3502.51487
2022/05/31;3502.51056
2022/06/01;3491.11839
2022/06/02;3520.5945
2022/06/03;3480.56709
2022/06/06;3496.56909
2022/06/07;3514.09483
2022/06/08;3485.9958
2022/06/09;3443.20622
2022/06/10;3387.35805
2022/06/13;3298.45693
2022/06/14;3280.8009
2022/06/15;3315.98554
2022/06/16;3211.57987
2022/06/17;3215.77552
2022/06/20;3200.54132
2022/06/21;3251.77401
2022/06/22;3226.31854
2022/06/23;3260.72332
2022/06/24;3340.2025
2022/06/27;3334.81101
2022/06/28;3319.24734
2022/06/29;3313.79125
2022/06/30;3284.77468
2022/07/01;3316.92816
2022/07/04;3316.70099
2022/07/05;3358.18043
2022/07/06;3378.48922
2022/07/07;3439.02459
2022/07/08;3442.2088
2022/07/11;3430.17876
2022/07/12;3414.74632
2022/07/13;3384.21866
2022/07/14;3392.04621
2022/07/15;3418.66233
2022/07/18;3386.66868
2022/07/19;3439.1598
2022/07/20;3471.6229
2022/07/21;3502.67873
2022/07/22;3475.75435
2022/07/25;3479.32494
2022/07/26;3478.59943
2022/07/27;3541.52811
2022/07/28;3574.13215
2022/07/29;3600.84975
2022/08/01;3579.27105
2022/08/02;3575.8683
2022/08/03;3631.34863
2022/08/04;3613.87234
2022/08/05;3622.48226
2022/08/08;3612.18505
2022/08/09;3593.27788
2022/08/10;3614.11561
2022/08/11;3624.08536
2022/08/12;3699.08295
2022/08/15;3725.89336
2022/08/16;3733.48426
2022/08/17;3716.27985
2022/08/18;3730.6462
2022/08/19;3714.32749
2022/08/22;3677.26491
2022/08/23;3662.55668
2022/08/24;3665.35269
2022/08/25;3714.9992
2022/08/26;3616.73119
2022/08/29;3591.61339
2022/08/30;3563.99175
2022/08/31;3520.07329
2022/09/01;3535.06986
2022/09/02;3495.86803
2022/09/05;3521.59607
2022/09/06;3512.27506
2022/09/07;3527.2322
2022/09/08;3552.21645
2022/09/09;3582.27703
2022/09/12;3596.38664
2022/09/13;3521.41081
2022/09/14;3518.87662
2022/09/15;3488.16381
2022/09/16;3443.70223
2022/09/19;3460.29406
2022/09/20;3438.55066
2022/09/21;3429.06087
2022/09/22;3414.18052
2022/09/23;3383.63936
2022/09/26;3357.74539
2022/09/27;3363.01521
2022/09/28;3395.14348
2022/09/29;3304.8886
2022/09/30;3268.63994
2022/10/03;3323.24988
2022/10/04;3382.14155
2022/10/05;3409.39521
2022/10/06;3389.29505
2022/10/07;3330.01085
2022/10/10;3325.88272
2022/10/11;3291.23628
2022/10/12;3283.72285
2022/10/13;3327.27981
2022/10/14;3277.22719
2022/10/17;3323.19754
2022/10/18;3348.7611
2022/10/19;3341.69381
2022/10/20;3310.91002
2022/10/21;3366.27047
2022/10/24;3364.87549
2022/10/25;3393.52576
2022/10/26;3364.37858
2022/10/27;3371.38029
2022/10/28;3426.1219
2022/10/31;3434.52688
2022/11/01;3445.51459
2022/11/02;3392.63946
2022/11/03;3388.28776
2022/11/04;3399.20243
2022/11/07;3400.61123
2022/11/08;3404.51328
2022/11/09;3365.45438
2022/11/10;3458.11103
2022/11/11;3471.668
2022/11/14;3448.50434
2022/11/15;3472.48292
2022/11/16;3434.22708
2022/11/17;3437.18351
2022/11/18;3446.41679
2022/11/21;3460.95841
2022/11/22;3485.80008
2022/11/23;3483.16145
2022/11/24;3487.45425
2022/11/25;3484.33362
2022/11/28;3443.25999
2022/11/29;3459.82658
2022/11/30;3553.00849
2022/12/01;3515.81306
2022/12/02;3509.00446
2022/12/05;3454.41352
2022/12/06;3419.69527
2022/12/07;3405.10118
2022/12/08;3413.38294
2022/12/09;3411.00506
2022/12/12;3434.29702
2022/12/13;3433.65203
2022/12/14;3423.3995
2022/12/15;3340.55349
2022/12/16;3316.20159
2022/12/19;3305.33091
2022/12/20;3292.53898
2022/12/21;3338.55759
2022/12/22;3312.09477
2022/12/23;3315.25584
2022/12/26;3316.50112
2022/12/27;3301.39714
2022/12/28;3283.77985
2022/12/29;3308.93356
2022/12/30;3296.82129
2023/01/02;3301.89547
2023/01/03;3334.20126
2023/01/04;3348.65871
2023/01/05;3345.38086
2023/01/06;3382.5955
2023/01/09;3364.28039
2023/01/10;3377.06768
2023/01/11;3402.6209
2023/01/12;3408.53352
2023/01/13;3423.13918
2023/01/16;3424.81789
2023/01/17;3432.10635
2023/01/18;3399.18464
2023/01/19;3380.12623
2023/01/20;3413.83339
2023/01/23;3436.08603
2023/01/24;3434.55268
2023/01/25;3427.65751
2023/01/26;3469.32809
2023/01/27;3481.9731
2023/01/30;3440.8302
2023/01/31;3467.23517
2023/02/01;3478.86151
2023/02/02;3514.82428
2023/02/03;3509.26558
2023/02/06;3511.50562
2023/02/07;3554.7283
2023/02/08;3526.21113
2023/02/09;3503.3628
2023/02/10;3519.93013
2023/02/13;3534.42321
2023/02/14;3538.69261
2023/02/15;3552.00666
2023/02/16;3528.73736
2023/02/17;3515.73115
2023/02/20;3513.98055
2023/02/21;3464.06738
2023/02/22;3465.66135
2023/02/23;3485.87928
2023/02/24;3463.75806
2023/02/27;3459.22351
2023/02/28;3449.35556
2023/03/01;3427.14584
2023/03/02;3459.80731
2023/03/03;3510.34393
2023/03/06;3494.13083
2023/03/07;3478.00285
2023/03/08;3485.62428
2023/03/09;3439.87222
2023/03/10;3359.36541
2023/03/13;3332.62776
2023/03/14;3361.83817
2023/03/15;3383.07079
2023/03/16;3397.9335
2023/03/17;3370.45902
2023/03/20;3366.95364
2023/03/21;3391.99404
2023/03/22;3361.59047
2023/03/23;3349.30543
2023/03/24;3382.27199
2023/03/27;3383.92566
2023/03/28;3373.34636
2023/03/29;3415.96127
2023/03/30;3416.88877
2023/03/31;3468.92423
2023/04/03;3474.64867
2023/04/04;3441.92799
2023/04/05;3447.15331
2023/04/06;3448.84218
2023/04/07;3450.11355
2023/04/10;3472.9104
2023/04/11;3464.91116
2023/04/12;3442.57444
2023/04/13;3458.63297
2023/04/14;3469.22551
2023/04/17;3500.89596
2023/04/18;3494.61873
2023/04/19;3489.32423
2023/04/20;3471.47609
2023/04/21;3469.98563
2023/04/24;3456.0551
2023/04/25;3428.68704
2023/04/26;3399.3019
2023/04/27;3449.94135
2023/04/28;3465.167
2023/05/01;3481.55166
2023/05/02;3448.63982
2023/05/03;3417.19246
2023/05/04;3418.88014
2023/05/05;3464.6764
2023/05/08;3471.71699
2023/05/09;3475.13197
2023/05/10;3476.88884
2023/05/11;3485.62831
2023/05/12;3496.50291
2023/05/15;3508.68977
2023/05/16;3490.87579
2023/05/17;3524.9056
2023/05/18;3564.65274
2023/05/19;3561.93539
2023/05/22;3564.2699
2023/05/23;3537.688
2023/05/24;3508.6641
2023/05/25;3525.7581
2023/05/26;3571.21493
2023/05/29;3572.77581
2023/05/30;3561.80372
2023/05/31;3551.50852
2023/06/01;3565.05923
2023/06/02;3622.80851
2023/06/05;3625.637
2023/06/06;3641.95923
2023/06/07;3626.00738
2023/06/08;3621.76356
2023/06/09;3633.95662
2023/06/12;3659.84542
2023/06/13;3671.87563
2023/06/14;3667.17972
2023/06/15;3681.10083
2023/06/16;3674.72415
2023/06/19;3664.28925
2023/06/20;3651.41204
2023/06/21;3618.04623
2023/06/22;3618.39118
2023/06/23;3609.24233
2023/06/26;3591.34999
2023/06/27;3608.63909
2023/06/28;3628.326
2023/06/29;3640.48959
2023/06/30;3670.61733
2023/07/03;3684.50953
2023/07/04;3686.77135
2023/07/05;3681.83577
2023/07/06;3638.67757
2023/07/07;3609.327
2023/07/10;3607.99745
2023/07/11;3632.55726
2023/07/12;3630.90033
2023/07/13;3647.91031
2023/07/14;3633.89679
2023/07/17;3640.82497
2023/07/18;3660.21189
2023/07/19;3679.71982
2023/07/20;3674.70169
2023/07/21;3683.43364
2023/07/24;3703.93377
2023/07/25;3732.15785
2023/07/26;3724.09483
2023/07/27;3739.07052
2023/07/28;3752.25737
2023/07/31;3764.34853
2023/08/01;3761.84527
2023/08/02;3718.07061
2023/08/03;3703.17706
2023/08/04;3670.66467
2023/08/07;3695.55643
2023/08/08;3693.03818
2023/08/09;3669.81212
2023/08/10;3668.34354
2023/08/11;3666.71759
2023/08/14;3689.22605
2023/08/15;3645.49622
2023/08/16;3629.23261
2023/08/17;3608.57091
2023/08/18;3605.43344
2023/08/21;3613.24626
2023/08/22;3627.4282
2023/08/23;3661.46644
2023/08/24;3634.51115
2023/08/25;3659.41546
2023/08/28;3676.95903
2023/08/29;3716.61818
2023/08/30;3701.08828
2023/08/31;3718.29405
2023/09/01;3740.42335
2023/09/04;3753.36643
2023/09/05;3758.11072
2023/09/06;3737.59492
2023/09/07;3727.06717
2023/09/08;3725.61584
2023/09/11;3739.63854
2023/09/12;3735.65313
2023/09/13;3728.04075
2023/09/14;3786.65893
2023/09/15;3763.8943
2023/09/18;3751.53692
2023/09/19;3740.49103
2023/09/20;3711.91862
2023/09/21;3670.31133
2023/09/22;3667.0396
2023/09/25;3691.71594
2023/09/26;3645.97045
2023/09/27;3666.77946
2023/09/28;3665.60977
2023/09/29;3657.33356
2023/09/30;3657.33356
2023/10/01;3657.33356
2023/10/02;3671.78244
2023/10/03;3629.35026
2023/10/04;3630.68453
2023/10/05;3626.04992
2023/10/06;3658.86485
2023/10/07;3658.86485
2023/10/08;3658.86485
2023/10/09;3670.79154
2023/10/10;3689.67534
2023/10/11;3698.85536
2023/10/12;3708.55913
2023/10/13;3696.80617
2023/10/14;3696.80617
2023/10/15;3696.80617
2023/10/16;3704.18031
2023/10/17;3700.51694
2023/10/18;3669.33821
2023/10/19;3622.8661
2023/10/20;3576.31013
2023/10/21;3576.31013
2023/10/22;3576.31013
2023/10/23;3554.23455
2023/10/24;3582.3844
2023/10/25;3554.02799
2023/10/26;3528.73513
2023/10/27;3510.975
2023/10/28;3510.975
2023/10/29;3510.975
2023/10/30;3527.05848
2023/10/31;3553.46894
2023/11/01;3598.16902
2023/11/02;3638.66979
2023/11/03;3641.64643
2023/11/04;3641.64643
2023/11/05;3641.64643
2023/11/06;3653.22496
2023/11/07;3667.51453
2023/11/08;3660.01996
2023/11/09;3647.21482
2023/11/10;3683.77212
2023/11/11;3683.77212
2023/11/12;3683.77212
2023/11/13;3682.91605
2023/11/14;3700.94096
2023/11/15;3714.91534
2023/11/16;3709.59629
2023/11/17;3717.5811
2023/11/18;3717.5811
2023/11/19;3717.5811
2023/11/20;3725.51785
2023/11/21;3723.32357
2023/11/22;3750.03769
2023/11/23;3741.65045
2023/11/24;3735.60382
2023/11/25;3735.60382
2023/11/26;3735.60382
2023/11/27;3728.99615
2023/11/28;3721.49667
2023/11/29;3724.38343
2023/11/30;3758.63517
2023/12/01;3801.46762
2023/12/02;3801.46762
2023/12/03;3801.46762
2023/12/04;3792.29637
2023/12/05;3789.02369
2023/12/06;3793.74125
2023/12/07;3813.10113
2023/12/08;3830.8154
2023/12/11;3849.11919
2023/12/12;3849.74002
2023/12/13;3880.43882
2023/12/14;3848.62528
2023/12/15;3877.31531
2023/12/18;3881.74068
2023/12/19;3880.21086
2023/12/20;3850.805
2023/12/21;3870.74045
2023/12/22;3868.77922
2023/12/25;3869.35236
2023/12/26;3877.58766
2023/12/27;3869.63834
2023/12/28;3878.34346
2023/12/29;3890.21983
2024/01/01;3890.72327
2024/01/02;3898.52438
2024/01/03;3875.04665
2024/01/04;3856.71793
2024/01/05;3855.10716
2024/01/08;3891.11482
2024/01/09;3902.14996
2024/01/10;3899.28676
2024/01/11;3905.08167
2024/01/12;3911.52831
2024/01/15;3913.37265
2024/01/16;3912.3788
2024/01/17;3884.29208
2024/01/18;3909.64264
2024/01/19;3937.64468
2024/01/22;3948.81819
2024/01/23;3972.48799
2024/01/24;3966.95144
2024/01/25;4005.28503
2024/01/26;3996.26868
2024/01/29;4045.08057
2024/01/30;4027.4537
2024/01/31;3981.77892
2024/02/01;4019.9529
2024/02/02;4055.94226
2024/02/05;4066.59305
2024/02/06;4078.96273
2024/02/07;4098.64354
2024/02/08;4095.75445
2024/02/09;4102.69417
2024/02/12;4109.20173
2024/02/13;4083.94621
2024/02/14;4111.67794
2024/02/15;4126.91425
2024/02/16;4123.25403
2024/02/19;4127.18638
2024/02/20;4093.52006
2024/02/21;4099.14502
2024/02/22;4165.03157
2024/02/23;4165.37125
2024/02/26;4142.69745
2024/02/27;4151.88773
2024/02/28;4143.37748
2024/02/29;4166.03647
2024/03/01;4192.22043
2024/03/04;4180.81707
2024/03/05;4146.68885
2024/03/06;4157.36544
2024/03/07;4188.83016
2024/03/08;4168.5829
2024/03/11;4167.20658
2024/03/12;4207.12622
2024/03/13;4194.24747
2024/03/14;4203.68277
2024/03/15;4176.63533
2024/03/18;4199.23234
2024/03/19;4219.74041
2024/03/20;4247.48453
2024/03/21;4273.61753
2024/03/22;4280.92888
2024/03/25;4261.74017
2024/03/26;4260.40137
2024/03/27;4288.63142
2024/03/28;4300.3047
2024/03/29;4302.62882
2024/04/01;4309.54144
2024/04/02;4281.26168
2024/04/03;4262.8459
2024/04/04;4222.27524
2024/04/05;4258.5315
2024/04/08;4253.35334
2024/04/09;4258.8667
2024/04/10;4264.91356
2024/04/11;4296.12288
2024/04/12;4276.56913
2024/04/15;4235.5606
2024/04/16;4200.7539
2024/04/17;4182.14155
2024/04/18;4176.53288
2024/04/19;4138.03391
2024/04/22;4182.08072
2024/04/23;4209.50026
2024/04/24;4221.03391
2024/04/25;4189.30846
2024/04/26;4239.77618
2024/04/29;4244.12985
2024/04/30;4204.75793
2024/05/01;4195.984
2024/05/02;4228.81662
2024/05/03;4245.74125
2024/05/06;4275.888
2024/05/07;4290.186
2024/05/08;4293.55849
2024/05/09;4299.7025
2024/05/10;4319.18832
