#{"t_start": 1720183358.0410326, "env_id": "None"}
r,l,t
-0.891797,128,1.835005
-1.799453,128,2.251883
-0.366763,128,2.653177
-0.455482,128,3.069687
-2.135002,128,3.486605
-0.938832,128,3.903516
-0.203735,128,4.341846
-0.724454,128,4.743068
-1.012014,128,5.14431
-0.708141,128,5.530852
-0.992748,128,5.908782
-1.019072,128,6.309874
-0.184709,128,6.711141
-1.807751,128,7.112296
-0.582443,128,7.594093
-1.170242,128,8.083386
-0.975756,128,8.515709
-0.893861,128,8.937106
-1.046354,128,9.377258
-0.224979,128,9.856174
-0.577027,128,10.288777
-0.408645,128,10.705691
-0.504041,128,11.192527
-2.413031,128,11.589703
-0.950851,128,12.028692
-0.147777,128,12.440278
-1.746288,128,12.840885
-1.860126,128,13.236566
-1.037082,128,13.671523
-0.684332,128,14.071031
-0.28265,128,14.497066
-0.173685,128,14.906584
-3.839752,128,15.35726
-1.612692,128,15.769618
-0.944609,128,16.164298
-0.385343,128,16.58331
-0.314277,128,16.980637
-1.076884,128,17.398507
-1.257444,128,17.796367
-1.259928,128,18.229894
-0.161856,128,18.638472
-1.318007,128,19.068794
-1.011758,128,19.504949
-0.661601,128,19.909028
-0.980101,128,20.317124
-0.943211,128,20.723067
-0.321136,128,21.139575
-0.920597,128,21.53672
-0.40891,128,21.939516
-0.358149,128,22.354355
-0.398209,128,22.808696
-0.224413,128,23.209877
-0.523359,128,23.641895
-1.327684,128,24.065231
-1.059434,128,24.46635
-0.289229,128,24.867119
-0.450434,128,25.29956
-3.037863,128,25.719872
-0.191164,128,26.148178
-0.215722,128,26.571532
-0.203738,128,26.972718
-0.198072,128,27.359743
-0.369181,128,27.768404
-0.80924,128,28.191785
-0.748638,128,28.593053
-1.073131,128,28.994328
-1.327376,128,29.411198
-1.233303,128,29.859287
-1.386567,128,30.282219
-1.546519,128,30.683332
-1.18674,128,31.131238
-1.415149,128,31.58592
-0.477283,128,32.018396
-0.203488,128,32.435282
-0.261459,128,32.852074
-0.775869,128,33.322373
-2.971787,128,33.754768
-1.768343,128,34.209341
-0.957427,128,34.640589
-0.953194,128,35.042445
-0.983072,128,35.443651
-0.301596,128,35.882321
-1.227208,128,36.314462
-0.187339,128,36.731267
-0.921742,128,37.132298
-1.134628,128,37.548536
-1.993152,128,38.034486
-1.307396,128,38.435725
-1.422868,128,38.867821
-0.278383,128,39.291201
-1.334549,128,39.738529
-1.337131,128,40.139702
-0.203064,128,40.594359
-0.186727,128,40.995231
-0.204748,128,41.412158
-1.82949,128,41.813248
-0.382857,128,42.245746
-0.306678,128,42.662621
-0.685729,128,43.048215
-0.253982,128,43.470207
-0.467092,128,43.936296
-0.482227,128,44.34023
-0.20832,128,44.7874
-1.77781,128,45.20667
-0.719494,128,45.622676
-0.225835,128,46.023823
-1.73269,128,46.441631
-0.199671,128,46.856397
-0.686994,128,47.273206
-0.684639,128,47.658798
-0.875616,128,48.044321
-0.173127,128,48.461129
-1.691716,128,48.87792
-0.166724,128,49.294765
-1.917603,128,49.718057
-2.080766,128,50.119281
-1.27817,128,50.535864
-1.952237,128,50.937117
-1.418085,128,51.353897
-1.452507,128,51.739446
-2.132092,128,52.155823
-0.209296,128,52.588155
-0.925101,128,53.020623
-0.390251,128,53.421808
-0.806492,128,53.82308
-0.701834,128,54.208667
-1.070527,128,54.617893
-0.342395,128,55.048823
-0.162502,128,55.450125
-0.182629,128,55.866935
-0.23939,128,56.267823
-1.134543,128,56.684628
-0.993527,128,57.085793
-1.23943,128,57.502419
-1.019875,128,57.872414
-0.658524,128,58.306337
-0.44253,128,58.722554
-0.326014,128,59.175968
-0.443422,128,59.583654
-0.27272,128,60.00056
-0.42622,128,60.417146
-0.404682,128,60.833978
-0.933605,128,61.25849
-0.831474,128,61.667648
-0.958087,128,62.053199
-0.858468,128,62.43878
-0.854934,128,62.839774
-2.205451,128,63.240978
-0.336326,128,63.689003
-0.468717,128,64.112353
-0.185189,128,64.575916
-0.158141,128,64.977128
-0.183292,128,65.378368
-0.201546,128,65.778976
-0.184868,128,66.180217
-0.227347,128,66.618809
-0.202528,128,67.016966
-0.866847,128,67.412981
-0.752988,128,67.803895
-1.202616,128,68.205108
-0.256126,128,68.621617
-0.223851,128,69.022838
-0.208744,128,69.423989
-0.221971,128,69.824602
-0.159073,128,70.341706
-0.241703,128,70.774178
-0.231065,128,71.212695
-0.19553,128,71.644621
-1.490143,128,72.083537
-1.543092,128,72.531644
-1.11835,128,72.932817
-0.340481,128,73.349619
-0.349255,128,73.788591
-0.277842,128,74.205493
-0.530577,128,74.70701
-0.435891,128,75.139437
-0.499299,128,75.587065
-0.561678,128,76.010445
-0.404682,128,76.442273
-0.574405,128,76.859004
-0.634117,128,77.260208
-0.779917,128,77.630164
-0.94671,128,78.046634
-0.190725,128,78.447922
-0.171456,128,78.864718
-0.268901,128,79.265855
-0.332733,128,79.682653
-0.288331,128,80.099268
-0.295078,128,80.522448
-0.236117,128,80.939264
-0.27912,128,81.342434
-0.252973,128,81.772402
-0.226804,128,82.173499
-0.17655,128,82.574778
-0.164738,128,82.975554
-0.424875,128,83.413913
-0.235627,128,83.83079
-0.178773,128,84.231955
-0.271237,128,84.663909
-0.774268,128,85.080661
-0.909595,128,85.541763
-1.920123,128,85.968251
-1.183571,128,86.385545
-2.036784,128,86.7866
-1.053514,128,87.219134
-0.267131,128,87.688354
-0.194622,128,88.085514
-0.279879,128,88.502303
-0.25047,128,88.903563
-1.10673,128,89.304682
-0.373464,128,89.743277
-0.442593,128,90.175645
-1.835665,128,90.645671
-0.473458,128,91.078179
-0.247112,128,91.479439
-0.205787,128,91.896309
-0.198505,128,92.297544
-1.532533,128,92.698727
-0.158231,128,93.099909
-0.15551,128,93.501119
-0.201625,128,93.955749
-0.694189,128,94.356241
-2.135645,128,94.773107
-3.198188,128,95.174165
-2.042603,128,95.594381
-2.023917,128,95.998546
-0.241573,128,96.395344
-1.252211,128,96.810526
-0.837566,128,97.227211
-0.893227,128,97.612753
-1.095953,128,97.991804
-0.88381,128,98.414475
-0.703093,128,98.815725
-0.985632,128,99.232658
-1.531097,128,99.63351
-0.156577,128,100.065884
-1.158309,128,100.482785
-0.368984,128,100.899649
-1.207157,128,101.317228
-1.400193,128,101.753798
-0.174744,128,102.178594
-0.162457,128,102.662391
-0.176599,128,103.142974
-0.174711,128,103.544142
-0.164503,128,103.967024
-1.092233,128,104.383819
-0.307208,128,104.800621
-1.208687,128,105.216867
-1.470863,128,105.633389
-0.23775,128,106.034603
-2.90683,128,106.488742
-1.679027,128,106.905558
-1.665018,128,107.344561
-1.687418,128,107.772202
-0.80975,128,108.209187
-1.821928,128,108.594737
-2.051791,128,109.011173
-2.212545,128,109.443429
-0.810318,128,109.825081
-0.840342,128,110.210709
-0.888523,128,110.596112
-0.321887,128,111.092529
-0.207848,128,111.528465
-1.649346,128,111.944245
-0.265078,128,112.426027
-0.2484,128,112.842856
-0.204947,128,113.24368
-0.206351,128,113.644845
-0.178615,128,114.046062
-3.067375,128,114.500325
-1.464646,128,114.915379
-0.178715,128,115.312633
-1.294117,128,115.729437
-0.569349,128,116.168375
0.37816,128,116.685302
-0.195325,128,117.102051
-0.224683,128,117.534487
-0.191323,128,117.989089
-1.074853,128,118.396871
-1.293152,128,118.803517
-1.263712,128,119.214404
-0.905646,128,119.615497
-2.156443,128,120.016655
-3.175304,128,120.417698
-3.073722,128,120.834537
-0.799916,128,121.235752
-1.193884,128,121.643198
-0.210035,128,122.060009
-0.228507,128,122.47684
-1.228799,128,122.877565
-1.067347,128,123.278719
-1.143594,128,123.664299
-1.205996,128,124.06551
-0.234446,128,124.512961
-0.316153,128,124.914243
-1.040348,128,125.346674
-1.004137,128,125.769626
-0.848976,128,126.202055
-1.655473,128,126.649824
-0.59937,128,127.072532
-0.758231,128,127.549317
-1.394704,128,128.013335
-0.713125,128,128.476985
-0.300201,128,128.962785
-0.326521,128,129.379619
-0.2994,128,129.818256
-0.248259,128,130.219529
-1.019472,128,130.636392
-0.889109,128,131.053213
-1.506638,128,131.477862
-0.516457,128,131.870919
-0.482409,128,132.309817
-0.202394,128,132.726683
-0.837804,128,133.112235
-0.478736,128,133.529102
-3.293111,128,133.94595
-0.249614,128,134.362788
-0.254955,128,134.763983
-0.257102,128,135.196388
-0.356994,128,135.603896
-0.3112,128,136.005048
-0.364543,128,136.407127
-0.317821,128,136.806806
-0.346824,128,137.223644
-0.908495,128,137.624897
-0.609825,128,138.057394
-0.997625,128,138.474232
-0.883828,128,138.891043
-0.134794,128,139.329949
-0.593403,128,139.79345
-2.214684,128,140.23196
-2.925164,128,140.679971
-3.082798,128,141.134662
-0.172092,128,141.551333
-2.194413,128,141.952536
-0.292185,128,142.384975
-0.221347,128,142.770618
-0.211329,128,143.171805
-0.198279,128,143.557272
-0.213007,128,143.942864
-0.208372,128,144.328501
-0.252449,128,144.729511
-0.368744,128,145.177576
-0.282629,128,145.594445
-0.238272,128,146.003562
-0.213585,128,146.412338
-0.906668,128,146.813262
-0.759322,128,147.198852
-0.950924,128,147.599987
-1.172266,128,148.016788
-0.302378,128,148.471011
-0.093574,128,148.925712
-0.221144,128,149.345
-1.380925,128,149.784328
-1.071741,128,150.19011
-0.769452,128,150.624067
-0.929538,128,151.036807
-0.858305,128,151.459882
-4.570337,128,151.971205
-0.594461,128,152.481963
-2.489672,128,152.941867
-2.776507,128,153.391316
-0.734557,128,153.861614
-2.570178,128,154.321728
-1.685773,128,154.776284
-0.183768,128,155.196568
-0.23898,128,155.610518
-0.262115,128,156.043843
-0.268571,128,156.441197
-0.263674,128,156.861505
-0.364016,128,157.274905
-0.368304,128,157.689555
-0.442158,128,158.0984
-0.409504,128,158.546223
0.459824,128,158.984753
-0.583806,128,159.385854
-0.663351,128,159.802396
-0.624052,128,160.203735
-0.655334,128,160.689648
-0.372103,128,161.222222
-0.558201,128,161.675277
-0.482567,128,162.107721
-0.553884,128,162.54625
-1.781298,128,162.963013
-0.096515,128,163.392065
-1.062093,128,163.839029
-0.684905,128,164.335494
0.045904,128,164.774424
-0.604437,128,165.209698
0.035229,128,165.678342
-0.849189,128,166.134161
-1.478861,128,166.605841
-0.985701,128,167.087474
-0.535618,128,167.567362
-1.617128,128,168.020955
-9.697983,128,168.49051
-0.761601,128,168.96206
-1.036106,128,169.415483
-0.145598,128,169.897269
-0.44554,128,170.399395
-0.08794,128,170.899137
-0.220202,128,171.38279
-0.203428,128,171.864634
-1.38552,128,172.346243
-1.918801,128,172.837878
-3.692141,128,173.319603
-3.692363,128,173.791103
-0.076719,128,174.280934
-0.059888,128,174.754405
-0.178105,128,175.236288
-0.67549,128,175.738009
-0.153911,128,176.217642
-1.663855,128,176.701276
-1.523288,128,177.17086
-0.922218,128,177.66458
-0.057175,128,178.184202
-0.485551,128,178.647746
-0.296236,128,179.119379
-0.189974,128,179.601315
-0.228978,128,180.072989
-0.080509,128,180.544584
-2.493692,128,181.046355
-1.236128,128,181.54812
-0.616747,128,182.019721
-1.191727,128,182.591816
-0.169412,128,183.083642
-0.244005,128,183.545198
-0.183366,128,184.024752
-0.181947,128,184.508524
-1.158711,128,184.970239
-0.436845,128,185.441798
-0.836357,128,185.953726
-0.69465,128,186.475454
-0.899722,128,186.977196
-0.163361,128,187.498898
-1.082619,128,187.970581
-0.208844,128,188.460276
-0.188523,128,188.934021
-0.073962,128,189.415741
-2.162649,128,189.907837
-2.99315,128,190.399417
-2.053413,128,190.881121
-0.711693,128,191.352735
-2.080344,128,191.814368
-0.094229,128,192.325913
-1.79778,128,192.856288
-0.228949,128,193.374766
-0.793657,128,193.911339
-0.666314,128,194.574505
-1.109831,128,195.099374
-0.087299,128,195.632591
-2.56981,128,196.133888
-0.269695,128,196.669076
-0.404166,128,197.162931
-0.062575,128,197.681222
-0.107298,128,198.168436
-1.072189,128,198.669098
-6.220029,128,199.192279
-2.299643,128,199.702408
-4.623025,128,200.215552
-2.469944,128,200.741954
-0.750677,128,201.300437
-0.980969,128,201.832561
-1.279021,128,202.319663
-0.161806,128,202.889298
-0.469494,128,203.375762
-0.128901,128,203.868027
-0.116276,128,204.359147
-1.599973,128,204.845868
-0.792104,128,205.385075
-1.809153,128,205.880349
-0.904332,128,206.365481
-0.427336,128,206.857092
-0.745785,128,207.347212
-1.455358,128,207.852527
-0.784168,128,208.341766
-3.044662,128,208.839326
-1.380327,128,209.31725
-0.782887,128,209.79351
-0.430627,128,210.279864
-0.712071,128,210.750941
-0.877357,128,211.237298
-1.563522,128,211.724507
-4.86773,128,212.238558
-0.365205,128,212.790545
-0.438371,128,213.530421
-0.462159,128,214.126712
-0.585497,128,214.65993
-2.009785,128,215.170634
-0.578342,128,215.705918
-5.08267,128,216.24015
-0.431702,128,216.737357
-1.144272,128,217.243732
-1.213174,128,217.762806
-2.806979,128,218.2582
-0.287659,128,218.778276
-9.733592,128,219.281842
-2.137361,128,219.769627
-2.291887,128,220.298537
-9.360527,128,220.802377
-0.576495,128,221.329486
-0.590563,128,221.846822
-1.681314,128,222.427014
-0.547674,128,223.034497
-0.408163,128,223.537802
-0.211834,128,224.056582
-0.153197,128,224.55111
-2.335745,128,225.085283
-0.083603,128,225.619541
-0.079397,128,226.110753
-0.810454,128,226.58941
-0.316356,128,227.094329
-0.234055,128,227.582309
-2.431248,128,228.083375
-2.66806,128,228.578385
-6.593068,128,229.160578
-0.09314,128,229.66555
-1.640873,128,230.153376
-0.976849,128,230.625601
-0.805499,128,231.096767
-1.392663,128,231.619179
-0.110089,128,232.111305
-0.077714,128,232.590377
-0.028443,128,233.118438
-4.761008,128,233.673708
-1.150922,128,234.17515
-0.131656,128,234.689381
-0.004157,128,235.211382
-0.127309,128,235.732892
-2.193686,128,236.257978
-1.214707,128,236.784733
-3.030788,128,237.309333
-3.46045,128,237.921333
-0.055763,128,238.444184
-1.216168,128,238.929228
-1.275173,128,239.431219
-6.802737,128,239.928359
-1.084217,128,240.4235
-0.643552,128,240.921443
-11.663908,128,241.424861
0.592279,128,241.95521
-5.059426,128,242.496015
-1.019742,128,242.988521
-0.180249,128,243.506934
-0.537936,128,244.03508
-0.817922,128,244.536807
-1.639135,128,245.057154
0.017981,128,245.581176
-0.15516,128,246.070885
-0.131357,128,246.582545
-0.22626,128,247.28909
-0.743536,128,247.888252
-0.209525,128,248.781448
-0.171455,128,249.631001
-0.061113,128,250.343664
-0.18779,128,250.949197
-0.045521,128,251.559196
0.013337,128,252.136197
-0.07556,128,252.6662
-0.067077,128,253.2082
-0.388281,128,253.755717
-0.053536,128,254.295719
-0.114624,128,254.797722
-0.212399,128,255.333041
-0.259342,128,255.86631
-0.148595,128,256.411313
-0.286027,128,256.93384
-0.416485,128,257.448995
-0.226243,128,257.957176
-1.877018,128,258.467883
-0.15204,128,259.005952
-0.069132,128,259.52228
-0.148238,128,260.028263
-0.131051,128,260.650534
-0.098702,128,261.221074
-0.126514,128,261.754479
-0.129208,128,262.269645
-0.111826,128,262.759449
-1.027333,128,263.254206
-3.214985,128,263.753406
-0.512307,128,264.302322
-0.082833,128,264.796356
-0.074438,128,265.282395
-1.372978,128,265.766171
-1.383862,128,266.262347
-1.577348,128,266.745256
-1.288122,128,267.238856
-2.032523,128,267.755829
-0.555443,128,268.260984
-0.655409,128,268.745167
-1.391752,128,269.252452
-4.683998,128,269.782453
-0.30092,128,270.299695
-0.427543,128,270.826323
0.696077,128,271.506185
-2.120071,128,272.002994
-0.031972,128,272.536004
-0.100874,128,273.033514
0.296618,128,273.55743
-0.132092,128,274.05536
-0.171252,128,274.747958
-2.048588,128,275.771033
-1.642661,128,276.862038
-2.409263,128,277.93504
-14.468637,128,278.827042
-0.397287,128,279.542043
-1.136133,128,280.073042
-11.076962,128,280.588392
-3.319215,128,281.079383
-0.978332,128,281.577382
-19.487411,128,282.076329
-1.299377,128,282.562378
-0.565538,128,283.081633
-1.669703,128,283.640268
-0.504298,128,284.287969
0.001095,128,284.905201
-0.093753,128,285.458692
-14.781202,128,286.065016
-2.240052,128,286.675575
0.068666,128,287.372761
-1.555361,128,288.001766
-1.402198,128,288.709767
-4.96846,128,289.319853
-2.364766,128,289.811558
-0.103027,128,290.304189
-0.51339,128,290.823151
-0.109974,128,291.323745
-0.176648,128,291.827395
-5.839158,128,292.364891
-1.040026,128,292.864209
-0.830563,128,293.355872
-0.269115,128,293.854662
-0.120068,128,294.355675
-13.155234,128,294.882531
-0.698399,128,295.427164
-0.323382,128,295.967667
-0.058088,128,296.469966
-0.059799,128,296.963469
-0.004189,128,297.455624
-0.030897,128,297.951154
-0.137047,128,298.467716
-0.061534,128,299.172437
-1.641672,128,299.660531
-0.160049,128,300.163322
-0.178051,128,300.662996
-0.098631,128,301.16749
-3.462278,128,301.662688
-0.90389,128,302.173679
-1.425146,128,302.695781
-1.66404,128,303.221016
-1.154596,128,303.740124
-0.531854,128,304.250513
-1.073528,128,304.772558
-1.139662,128,305.2947
-0.096891,128,305.788723
-0.228372,128,306.28851
-0.61418,128,306.773549
-0.847964,128,307.249657
-0.876148,128,307.751875
-2.847439,128,308.250989
-0.616067,128,308.788143
-6.51491,128,309.295482
-1.317378,128,309.779347
-0.120982,128,310.283476
-19.980087,128,310.805671
-1.059153,128,311.30459
-1.640016,128,311.801593
-2.719568,128,312.329686
-5.809697,128,312.847351
-0.873597,128,313.364487
-0.902692,128,313.888906
-1.575333,128,314.418162
-5.461169,128,314.919443
-4.532077,128,315.423654
-0.656596,128,315.962713
-1.94189,128,316.51393
-0.411806,128,317.029011
-1.488466,128,317.54958
-1.846172,128,318.069751
-1.320636,128,318.576648
-3.821208,128,319.121086
-1.321537,128,319.640113
-2.811378,128,320.180275
-1.197552,128,320.687922
-3.740585,128,321.199646
-3.139017,128,321.690202
-0.169341,128,322.197492
-0.14249,128,322.702262
-3.981806,128,323.219284
-1.580238,128,323.761174
-1.800297,128,324.275171
-0.678709,128,324.847399
-0.190936,128,325.375494
-0.07924,128,325.877192
-0.236627,128,326.40966
-1.420828,128,326.915618
-0.833616,128,327.413893
-0.569593,128,327.915276
-2.057096,128,328.448585
-0.768013,128,328.963096
-1.240245,128,329.525517
-11.893537,128,330.072577
-0.335549,128,330.580439
-0.841675,128,331.074467
-1.475887,128,331.597951
-0.043913,128,332.094867
-1.713237,128,332.600887
-1.052788,128,333.108439
-0.05953,128,333.631309
-1.009446,128,334.204515
-0.275527,128,334.745281
-1.97576,128,335.28978
-0.380705,128,335.817057
-0.381859,128,336.352034
-0.149854,128,336.879029
-0.120901,128,337.38415
-0.354347,128,337.914147
-0.360165,128,338.438205
-0.726026,128,338.953829
-0.159597,128,339.461719
-2.548049,128,339.990862
-2.127658,128,340.53099
-1.011218,128,341.065992
-0.317963,128,341.578413
-17.86141,128,342.105402
-5.591249,128,342.638201
-0.362859,128,343.16838
-32.812291,128,343.686761
-2.150565,128,344.202839
-0.085671,128,344.717108
-0.699576,128,345.211322
-0.111046,128,345.714481
-0.101802,128,346.224638
-0.658396,128,346.729638
-0.076408,128,347.250688
-0.183436,128,347.755128
-0.11527,128,348.263212
-3.320457,128,348.775836
-0.134951,128,349.302122
-0.245233,128,349.823352
-0.153055,128,350.333529
-0.146955,128,350.834336
-1.422237,128,351.358598
-2.981345,128,351.861358
-3.210059,128,352.371724
-12.279272,128,352.881792
-1.700579,128,353.378783
-1.434861,128,353.870602
-1.194877,128,354.372389
-0.068599,128,354.881538
-0.051308,128,355.410165
-0.115768,128,355.936573
-0.140589,128,356.456646
-0.060463,128,356.962787
-1.139047,128,357.464302
-0.226233,128,358.018055
-0.296199,128,358.654187
0.346276,128,359.224492
-0.265736,128,359.755967
-0.204069,128,360.269334
-0.251625,128,360.789099
-0.130512,128,361.318153
-0.163674,128,361.833526
-0.129226,128,362.354656
-0.058512,128,362.88389
-0.504634,128,363.409327
-0.088794,128,363.928671
-0.143394,128,364.446799
-0.101627,128,364.97487
-0.115601,128,365.496176
-0.583753,128,366.055631
-0.973031,128,366.59779
-1.578887,128,367.145046
-2.588595,128,367.682642
-1.346333,128,368.222982
-1.00779,128,368.730055
-1.433891,128,369.236794
-0.769849,128,369.726707
-4.279848,128,370.219549
-1.104295,128,370.728538
-0.157794,128,371.260939
-5.68234,128,371.772927
-0.577093,128,372.311619
-0.809388,128,372.82486
-1.128988,128,373.360936
-0.049621,128,373.89342
-0.037611,128,374.418864
-0.201362,128,374.940086
-0.239603,128,375.466046
-0.379206,128,375.983328
-0.206357,128,376.513354
-0.154617,128,377.030148
-2.63675,128,377.544029
-1.834063,128,378.055676
-0.060714,128,378.573174
-0.066929,128,379.14567
-1.810346,128,379.6749
-1.08942,128,380.2441
0.751975,128,380.790679
-2.242641,128,381.33901
-2.22298,128,381.970341
-4.35533,128,382.597005
-0.39504,128,383.099406
-0.767584,128,383.661631
-1.297591,128,384.208168
-0.554255,128,384.756169
-0.259916,128,385.342868
-0.781544,128,385.918634
-4.662116,128,386.483635
-3.338457,128,387.020214
-0.030631,128,387.560215
-0.119669,128,388.090218
-0.180816,128,388.640874
-0.130269,128,389.155812
-0.093185,128,389.681229
-0.074821,128,390.270052
-4.574038,128,390.874924
-2.384225,128,391.515257
-2.415249,128,392.24104
-1.184627,128,392.904197
-1.586684,128,393.434465
-15.415163,128,393.988312
-0.479063,128,394.558231
-38.088104,128,395.114737
-2.791149,128,395.643485
-1.786345,128,396.189094
-0.206334,128,396.750907
-0.232099,128,397.302653
-0.758825,128,397.865856
-0.337132,128,398.433668
-0.400668,128,398.979452
-0.590498,128,399.565425
-4.50991,128,400.137782
-0.983233,128,400.687679
-0.674374,128,401.296364
-0.143896,128,401.887679
-1.479662,128,402.399337
-1.775974,128,402.952929
-0.968637,128,403.572845
-2.024239,128,404.099293
0.251837,128,404.674674
-3.573872,128,405.275485
-0.150649,128,405.80176
0.153121,128,406.354807
4.72549,128,406.964307
-1.10681,128,407.554643
0.29931,128,408.183625
-0.123388,128,408.699897
-0.415089,128,409.33423
-6.834462,128,409.870644
-0.02346,128,410.465738
0.310827,128,411.023448
-0.423584,128,411.582282
-0.173182,128,412.106359
-0.19511,128,412.647969
-0.282834,128,413.208539
-9.856752,128,413.744029
-4.230036,128,414.270358
-0.274951,128,414.795187
-0.257891,128,415.310686
-0.310387,128,415.851422
-0.352994,128,416.39095
-0.243441,128,416.909703
-12.1596,128,417.501065
-23.8695,128,418.148037
-15.793048,128,418.658009
-0.037792,128,419.195786
-1.047859,128,419.741554
-7.082691,128,420.255589
-40.929772,128,420.788445
-35.499233,128,421.331703
-0.835516,128,421.892519
-0.651001,128,422.395818
-0.070758,128,422.908251
-0.113853,128,423.410573
-0.1873,128,423.92299
-56.35906,128,424.462293
-1.652237,128,425.001351
-3.81746,128,425.554659
-7.494158,128,426.056092
-1.147319,128,426.573582
-2.403571,128,427.122343
-9.283958,128,427.661326
-2.464819,128,428.190071
-5.661901,128,428.764613
-0.214561,128,429.309846
-0.519494,128,429.829726
-0.818176,128,430.339946
-0.713919,128,430.851256
-20.992293,128,431.360274
-1.762013,128,431.881187
-1.715114,128,432.425531
-0.041101,128,432.931248
-2.3051,128,433.461138
-1.577727,128,433.995162
-0.779436,128,434.50077
-0.389035,128,435.067822
0.027242,128,435.690009
-0.179262,128,436.220374
-0.241376,128,436.735697
-0.116646,128,437.3097
-0.448634,128,437.863408
-2.2032,128,438.381315
0.037534,128,438.92908
-0.017274,128,439.465481
-4.057789,128,439.973644
-0.059933,128,440.48799
-0.15792,128,441.020613
-0.207717,128,441.561393
-6.646096,128,442.082324
-0.629692,128,442.593347
-0.066046,128,443.113657
-0.167409,128,443.737062
-0.174238,128,444.370294
-3.653473,128,444.903808
-7.44104,128,445.423378
-5.162225,128,445.963098
-2.109124,128,446.493673
-1.790228,128,447.051164
-9.303891,128,447.729295
-0.945496,128,448.263235
-4.54865,128,448.772328
-0.349593,128,449.308779
-0.180292,128,449.875757
-0.24777,128,450.395356
-0.233785,128,450.907553
-3.290061,128,451.413818
-0.249999,128,451.928342
-0.275456,128,452.435962
-0.145032,128,452.936178
-0.216256,128,453.429435
-0.203437,128,453.939119
-0.121527,128,454.443492
-0.471921,128,454.945891
-13.308439,128,455.486803
1.924664,128,456.064376
0.109291,128,456.590414
-0.674417,128,457.127425
0.147741,128,457.646376
-1.87969,128,458.163249
-3.914715,128,458.729678
-0.510376,128,459.26585
-1.908884,128,459.793119
-0.300828,128,460.307513
-0.408245,128,460.835431
-2.160263,128,461.337273
-2.98805,128,461.836904
-2.78017,128,462.341215
-7.957184,128,462.842909
-0.263688,128,463.35507
-0.238913,128,463.882257
-2.310728,128,464.496348
-0.105685,128,464.998209
-1.577732,128,465.522104
-0.342953,128,466.04216
-0.1593,128,466.561881
-1.531882,128,467.079026
-0.911897,128,467.577575
-1.236279,128,468.110807
-1.488552,128,468.655024
-5.701612,128,469.195572
-13.026445,128,469.710639
-31.144133,128,470.261007
-14.268357,128,470.754544
-28.081104,128,471.256674
-40.189652,128,471.749394
-21.500528,128,472.238923
-0.807056,128,472.732222
-0.847693,128,473.241967
-19.799097,128,473.736103
-1.397911,128,474.276624
-18.598614,128,474.776381
1.001797,128,475.283776
-1.426743,128,475.801414
-0.678769,128,476.296932
-3.703302,128,476.823344
-2.163948,128,477.35897
-2.361916,128,477.970963
-0.893188,128,478.492475
0.441579,128,479.028655
-68.15608,128,479.720346
-1.970717,128,480.256429
-0.118451,128,480.829919
-1.726769,128,481.342598
-0.930153,128,481.834507
-0.976689,128,482.326666
-0.181141,128,482.856381
-2.955918,128,483.380474
-0.281727,128,483.903104
-0.787906,128,484.443693
-0.906151,128,484.958636
-1.185899,128,485.551482
-0.815247,128,486.073591
-0.937149,128,486.593544
-2.664433,128,487.137257
-2.819444,128,487.640183
-0.605993,128,488.156043
0.434763,128,488.734239
-0.268328,128,489.259376
3.571419,128,489.823285
-2.902067,128,490.368294
-1.813309,128,490.895759
-3.142493,128,491.403533
-0.602804,128,491.926511
-0.515985,128,492.458798
-44.861093,128,492.994232
-27.757421,128,493.53693
-0.307946,128,494.080666
-0.145467,128,494.606442
0.025919,128,495.152524
-0.427205,128,495.740715
-1.845471,128,496.259124
1.383752,128,496.792568
-0.221313,128,497.319983
-1.139499,128,497.823207
-2.719541,128,498.347841
0.356001,128,498.901768
0.644954,128,499.422055
-35.318105,128,499.966156
-9.994181,128,500.498983
-83.10855,128,501.024818
-0.103282,128,501.559253
-49.907582,128,502.085074
-0.644341,128,502.613417
-74.881036,128,503.164691
-17.292884,128,503.69592
-4.438069,128,504.240802
-14.652299,128,504.759181
-2.667811,128,505.262964
-26.406751,128,505.797283
-2.779094,128,506.314098
-35.945659,128,506.817035
-2.184365,128,507.332768
-0.568947,128,507.865885
2.497838,128,508.384901
-1.12129,128,508.893801
-15.188673,128,509.418416
-12.993604,128,509.931343
-4.089769,128,510.45342
-0.022372,128,510.975343
-0.345771,128,511.497164
-0.204538,128,512.018996
-1.187978,128,512.570987
0.493571,128,513.112939
-0.021062,128,513.644865
-2.307995,128,514.176771
-3.161243,128,514.711936
-12.336168,128,515.256803
-0.644749,128,515.786024
-0.674938,128,516.298006
-1.21485,128,516.80981
-0.068337,128,517.323751
-0.658025,128,517.835512
-0.930524,128,518.345389
-10.088406,128,518.859221
-2.040311,128,519.381022
-3.112573,128,519.90273
-8.358747,128,520.434805
-38.712419,128,520.99481
-4.234595,128,521.528704
-11.860396,128,522.050533
-15.345533,128,522.597307
-2.154728,128,523.091911
-1.828673,128,523.604746
-3.689984,128,524.126364
-0.217181,128,524.629611
-0.673529,128,525.142244
-1.036232,128,525.704575
-1.057714,128,526.226599
-31.48121,128,526.779319
-0.243078,128,527.284608
-0.044051,128,527.856647
-0.138587,128,528.378629
-0.091143,128,528.880396
-0.183118,128,529.392344
-0.28673,128,529.904088
-0.209363,128,530.436071
-0.224612,128,530.948147
-0.118985,128,531.46044
-0.173573,128,531.972402
-0.097746,128,532.484296
0.971915,128,532.995952
-0.099694,128,533.505678
-0.30041,128,534.007458
-0.924223,128,534.541213
8.294885,128,535.05305
18.224245,128,535.56075
-0.133036,128,536.106917
-2.826819,128,536.6389
-3.54385,128,537.170781
0.009939,128,537.682356
-6.22404,128,538.244347
0.057288,128,538.776146
-2.162303,128,539.277926
-0.313594,128,539.789582
5.026409,128,540.331517
-1.807755,128,540.863137
0.336945,128,541.385075
-0.655268,128,541.915005
-0.401091,128,542.438765
-0.760948,128,542.980613
-0.433154,128,543.492453
0.563889,128,544.06457
7.642271,128,544.58632
-3.832936,128,545.088068
-1.086189,128,545.62047
0.365844,128,546.132278
0.213095,128,546.634217
-1.858744,128,547.135965
-2.99324,128,547.635713
3.530875,128,548.139562
-9.759858,128,548.66134
-1.468725,128,549.16309
-1.034965,128,549.664838
0.270008,128,550.1765
-0.239169,128,550.678417
-0.465163,128,551.200279
-15.439694,128,551.742146
-1.050452,128,552.233877
-5.062972,128,552.755622
-2.983399,128,553.277338
-2.793293,128,553.789117
-0.017921,128,554.331435
-0.540799,128,554.843138
-0.227514,128,555.374786
-0.36643,128,555.896898
-0.304727,128,556.418752
-0.309509,128,556.940605
-0.199601,128,557.466637
-5.763054,128,557.998588
0.341018,128,558.540442
-0.188366,128,559.062329
-0.216022,128,559.593188
-0.075801,128,560.121406
-0.485352,128,560.645562
-6.013599,128,561.16914
-2.456413,128,561.67399
-1.43365,128,562.196888
-0.081296,128,562.720405
-0.206639,128,563.252083
-0.8527,128,563.850789
0.718392,128,564.36562
-0.12009,128,564.878173
-0.80705,128,565.393543
-2.238468,128,565.913317
0.203463,128,566.410232
1.120649,128,567.005255
-0.050383,128,567.572658
-0.328875,128,568.102965
-0.710986,128,568.634831
-53.786286,128,569.217208
-10.372259,128,569.749815
4.001976,128,570.257061
-4.388616,128,570.775919
1.237958,128,571.302133
-17.949146,128,571.818377
1.465832,128,572.340714
6.645478,128,572.862709
0.550559,128,573.375405
-0.113579,128,573.884154
-0.194539,128,574.397368
-28.830224,128,574.953138
0.59109,128,575.48374
-0.137498,128,576.006173
0.143024,128,576.531948
-1.570843,128,577.052815
-2.083996,128,577.55206
0.938965,128,578.070171
-0.660057,128,578.624882
-8.685306,128,579.168053
-5.110802,128,579.691195
1.535221,128,580.254169
-0.483837,128,580.794895
8.903289,128,581.408241
-5.981489,128,581.965529
-2.731334,128,582.507091
-27.75575,128,583.092129
-2.204916,128,583.625785
-0.916926,128,584.138825
-5.682374,128,584.682631
5.444459,128,585.221968
-0.615084,128,585.747526
-59.911501,128,586.310745
-6.465314,128,586.831292
-7.129354,128,587.358386
-12.049812,128,587.891291
-4.063787,128,588.402968
-7.578272,128,588.933487
-0.115648,128,589.455582
-0.185231,128,589.989593
-0.989327,128,590.513323
-0.490628,128,591.016397
-0.565163,128,591.519155
-1.10819,128,592.068985
3.363895,128,592.606699
-1.680252,128,593.135171
0.757745,128,593.65623
-0.723307,128,594.153933
-0.943695,128,594.687587
0.275716,128,595.208551
-0.129935,128,595.747486
-0.091731,128,596.251183
-3.32675,128,596.781028
-5.810045,128,597.322941
-5.719007,128,597.848507
-1.232495,128,598.383269
-0.350609,128,598.890189
1.075996,128,599.411956
-0.241438,128,599.94446
-2.837464,128,600.471367
-2.521318,128,600.973447
-2.347079,128,601.475122
-0.71943,128,601.977075
-3.426455,128,602.539696
1.058275,128,603.090413
0.750833,128,603.6142
-40.704229,128,604.184073
1.442491,128,604.707899
-7.050175,128,605.209668
-5.706959,128,605.72153
-1.773676,128,606.243616
1.139041,128,606.765627
-2.507955,128,607.297584
-0.088008,128,607.827631
-1.476522,128,608.361402
-82.022484,128,608.883347
-20.903647,128,609.385065
-80.451504,128,609.914976
-45.045859,128,610.429083
-2.736639,128,610.98103
-73.987618,128,611.512975
-0.158027,128,612.052843
-0.272534,128,612.60689
-8.314938,128,613.108873
-21.616725,128,613.610624
-10.633387,128,614.132379
-8.03831,128,614.684813
-0.785168,128,615.196589
-25.784585,128,615.71881
-6.133298,128,616.248933
-6.467541,128,616.762605
-0.657079,128,617.272447
0.346229,128,617.806641
-1.291813,128,618.308476
-0.202656,128,618.860617
-5.284835,128,619.382551
-2.645446,128,619.914357
-0.945907,128,620.416087
-4.139596,128,620.938684
6.763123,128,621.488796
3.400703,128,622.12331
-4.539788,128,622.76453
-4.160582,128,623.317186
-8.228861,128,623.861356
-5.201754,128,624.403148
-3.588887,128,624.995323
-5.403632,128,625.515416
-18.455228,128,626.029356
-5.022963,128,626.551106
13.337071,128,627.091287
0.292322,128,627.652755
8.866511,128,628.220797
-0.358695,128,628.741794
-0.167951,128,629.281577
-0.914018,128,629.830492
0.6394,128,630.36242
4.42957,128,630.914127
1.528329,128,631.538043
-2.211833,128,632.096754
0.151317,128,632.658668
-0.015276,128,633.176404
0.321789,128,633.693893
0.315496,128,634.211694
0.061422,128,634.745031
-8.686153,128,635.285981
1.700626,128,635.798926
-6.782009,128,636.50791
0.035554,128,637.061486
-1.509913,128,637.56371
-0.05374,128,638.11807
-0.510396,128,638.65116
-0.042347,128,639.231464
-4.893629,128,639.873847
1.23298,128,640.733249
-1.539402,128,641.306788
-5.209519,128,641.813902
-5.089596,128,642.331394
2.366529,128,642.865202
-7.440624,128,643.380868
-3.257449,128,643.890362
4.40306,128,644.428236
-1.833938,128,644.945319
-0.188022,128,645.484663
-0.803376,128,646.000418
-0.078145,128,646.517268
-0.21484,128,647.045091
0.057823,128,647.594842
-0.246999,128,648.33448
-4.383017,128,648.858291
0.839461,128,649.383938
2.542821,128,649.962983
-16.452696,128,650.534323
-0.532212,128,651.053482
0.145185,128,651.586649
5.409925,128,652.169171
-0.93011,128,652.671802
-2.106839,128,653.174307
-0.199894,128,653.697671
-0.036953,128,654.219735
-1.125284,128,654.740012
-0.021758,128,655.324922
-0.920908,128,655.868633
-0.280667,128,656.4121
-2.170959,128,656.927324
-1.032319,128,657.450774
-2.100142,128,657.982559
-0.23276,128,658.510956
5.207825,128,659.081511
-0.272029,128,659.614049
-7.092437,128,660.15743
-10.526891,128,660.694496
0.092766,128,661.225594
0.124747,128,661.74336
-0.231712,128,662.275323
-0.686289,128,662.816806
-0.38519,128,663.345428
-6.216056,128,663.860461
-2.94844,128,664.389842
-1.086323,128,664.934681
-0.412415,128,665.475329
-1.294986,128,666.014801
-3.92326,128,666.540743
-0.727629,128,667.062279
-0.282491,128,667.655108
-0.498027,128,668.175466
-0.149567,128,668.709008
-0.144534,128,669.231253
-0.093025,128,669.745439
-0.690381,128,670.278603
-3.504922,128,670.790838
-1.530368,128,671.303434
-1.253457,128,671.822632
-1.362715,128,672.34164
-0.064435,128,672.855564
-17.286283,128,673.39202
-0.372284,128,673.943767
-0.102788,128,674.465846
-0.891117,128,675.012015
-3.10282,128,675.565976
0.739628,128,676.090586
-100.038791,128,676.751978
-0.39357,128,677.262297
-0.043157,128,677.788952
0.125936,128,678.300303
-0.575626,128,678.81521
-3.339058,128,679.358705
-0.728345,128,679.884122
-5.353799,128,680.418685
-1.633707,128,680.975845
-0.811858,128,681.490124
-4.65562,128,682.022869
-4.829209,128,682.575442
-1.573246,128,683.107781
0.307466,128,683.639676
-3.079608,128,684.168625
3.869102,128,684.684794
-2.379798,128,685.208139
-3.766349,128,685.798542
-0.059249,128,686.312666
-1.020105,128,686.84822
0.117304,128,687.374511
12.466702,128,687.909676
-2.906125,128,688.441807
-3.702704,128,688.994102
5.275009,128,689.548763
-2.871247,128,690.057633
-6.29307,128,690.579666
2.654741,128,691.124098
-0.212118,128,691.682581
-1.1479,128,692.189487
-3.383541,128,692.702186
0.759046,128,693.293996
2.963114,128,693.840181
-9.070523,128,694.442649
-0.694347,128,694.994168
-0.750076,128,695.552552
-6.790066,128,696.098994
-6.779871,128,696.676511
-0.233688,128,697.224908
-3.940364,128,697.74667
-3.149587,128,698.253911
0.725076,128,698.782703
-1.766518,128,699.318235
-0.354779,128,699.829393
-0.408642,128,700.330411
-0.056873,128,700.842936
-0.308484,128,701.359551
-0.460432,128,701.861215
-5.895597,128,702.386202
1.333149,128,702.907116
0.547225,128,703.453992
-0.334566,128,704.008193
-0.300018,128,704.522534
-1.284975,128,705.045665
-0.26948,128,705.590571
0.083499,128,706.128629
-0.301116,128,706.655029
-0.119609,128,707.176638
-20.951191,128,707.766003
-0.299593,128,708.282413
1.461811,128,708.794996
0.312119,128,709.333547
-3.946338,128,709.864546
-30.095529,128,710.414152
-0.342516,128,710.957957
-0.313066,128,711.476678
0.536953,128,712.286317
-0.423372,128,712.837943
-1.175353,128,713.391065
-1.126588,128,713.920908
0.240647,128,714.429897
-119.030526,128,714.974004
-21.03048,128,715.49149
-2.231989,128,716.032086
4.307793,128,716.562332
-18.532855,128,717.093969
0.127253,128,717.614928
-0.258564,128,718.130418
-0.275178,128,718.657691
-0.601073,128,719.177567
-8.901458,128,719.720484
-0.17067,128,720.227323
1.891901,128,720.785045
-14.655844,128,721.31901
2.221873,128,721.835286
0.041517,128,722.366931
-3.418259,128,722.886269
-0.532388,128,723.429986
-6.132836,128,723.996704
0.875043,128,724.54597
-5.558551,128,725.075661
0.585962,128,725.63325
-0.969932,128,726.15494
11.888091,128,726.677893
-2.10714,128,727.194412
-0.105821,128,727.702813
0.958345,128,728.214431
-9.213225,128,728.736361
-32.831456,128,729.281964
-5.354884,128,729.806214
-0.491885,128,730.34898
-0.993011,128,730.890386
0.034465,128,731.424482
-0.200579,128,731.951997
0.388372,128,732.480177
-0.129749,128,732.989935
0.03884,128,733.49197
0.973372,128,734.061952
3.41804,128,734.611067
-0.03758,128,735.14379
-0.169852,128,735.665148
-1.403839,128,736.173438
-2.884446,128,736.720069
3.797222,128,737.244003
-0.136516,128,737.753481
0.027447,128,738.300229
0.153331,128,738.843158
-0.041395,128,739.366056
0.297363,128,739.889396
-0.250067,128,740.41268
-19.065767,128,740.955558
-1.2265,128,741.467885
-99.647452,128,741.990421
-3.157035,128,742.502544
2.290528,128,743.024704
0.490985,128,743.547491
-0.037069,128,744.070086
-0.25046,128,744.582731
-0.01654,128,745.095104
0.648548,128,745.634348
-0.895147,128,746.149132
-21.557882,128,746.666056
-4.267196,128,747.228531
-6.017407,128,747.762126
-5.352724,128,748.337273
-0.121302,128,748.88158
-1.486352,128,749.413181
-3.014641,128,749.915895
-1.187801,128,750.407852
-1.172719,128,750.938882
4.448029,128,751.46742
-4.646116,128,752.020132
-0.898336,128,752.542034
-1.647826,128,753.082302
-10.439633,128,753.616286
-7.120746,128,754.368621
9.20864,128,754.912617
-18.537603,128,755.445496
0.711859,128,755.977951
1.600765,128,756.493437
-0.107283,128,757.071916
-0.331097,128,757.605808
-41.814192,128,758.148278
2.270395,128,758.688481
-15.72431,128,759.202952
-3.57701,128,759.796197
-0.244061,128,760.380707
-40.009768,128,760.926524
-26.216634,128,761.44792
-8.104362,128,761.971045
0.180624,128,762.522052
-1.26014,128,763.066426
-0.157238,128,763.598695
-2.414848,128,764.12922
-0.020977,128,764.641277
-0.868254,128,765.145751
-383.613273,100,765.677762
0.019135,1,765.896783
0.094264,1,766.139045
-0.065502,1,766.382687
0.094216,1,766.603878
-0.020474,1,766.825513
-0.000889,1,767.039205
-0.009106,1,767.270976
-0.002941,1,767.505607
-0.003609,1,767.725272
-0.004224,1,767.938249
-0.013777,1,768.13887
-0.009587,1,768.349514
-0.008851,1,768.558574
-0.034338,1,768.77921
-0.003507,1,769.020915
-0.000793,1,769.251576
0.003014,1,769.464225
-0.017007,1,769.674923
-0.012548,1,769.875588
-0.013983,1,770.084661
-0.003221,1,770.281364
-0.00598,1,770.477603
-0.014775,1,770.679676
-0.004156,1,770.891012
-0.008414,1,771.095917
-0.00074,1,771.31027
-0.001694,1,771.523428
-0.001854,1,771.736131
-0.002365,1,771.950978
-0.001049,1,772.147314
0.000188,1,772.369464
-0.005267,1,772.570148
-0.008707,1,772.768943
0.0,1,772.971614
0.0,1,773.166776
-0.001482,1,773.366752
0.000895,1,773.582721
-0.001637,1,773.7954
-0.001676,1,774.014453
-0.002563,1,774.218046
-0.000245,1,774.430657
-0.001904,1,774.64132
-0.000429,1,774.842715
-0.001368,1,775.043829
-0.001893,1,775.253861
-0.009824,1,775.441969
-0.008279,1,775.63784
-0.002286,1,775.844777
-0.001057,1,776.044809
-0.003576,1,776.241654
-0.002469,1,776.460415
-0.002291,1,776.684917
-0.011068,1,776.905459
-0.000334,1,777.126284
-0.021035,1,777.356461
-0.045468,1,777.59198
-0.000973,1,777.81081
-0.004836,1,778.024154
-0.006137,1,778.228848
-0.002915,1,778.436888
-0.004406,1,778.661901
3.4e-05,1,778.871611
-0.001227,1,779.086921
-0.000482,1,779.295828
0.0,1,779.498426
-0.009171,1,779.687051
-0.012977,1,779.883748
-0.008639,1,780.090804
-0.006384,1,780.32197
-0.001904,1,780.530843
0.050538,1,780.748737
0.0,1,780.990347
-0.000735,1,781.201283
-0.009434,1,781.404082
-0.001363,1,781.604725
-0.000674,1,781.813378
0.0,1,782.016191
0.0,1,782.207624
-0.001429,1,782.391182
-0.004335,1,782.611073
-0.004711,1,782.813295
-0.000818,1,783.023918
6.6e-05,1,783.234965
-0.005707,1,783.447179
-0.000738,1,783.658082
-0.010141,1,783.868779
-0.026275,1,784.090556
-0.023146,1,784.301264
0.001373,1,784.511936
-0.035269,1,784.722634
0.02771,1,784.943397
0.0,1,785.144084
-0.005232,1,785.364807
-0.005943,1,785.575467
0.004466,1,785.786717
-0.060187,1,786.045628
-0.000405,1,786.256616
-0.011823,1,786.459171
-0.006004,1,786.679923
-0.002858,1,786.889947
-0.001119,1,787.094438
-0.013251,1,787.295174
-0.034566,1,787.505838
-0.005968,1,787.707423
-0.016067,1,787.908602
-0.015551,1,788.119725
-0.000257,1,788.330889
-0.00643,1,788.553585
0.0,1,788.773234
0.036198,1,788.971737
0.000795,1,789.227504
-0.029805,1,789.438085
-0.041083,1,789.650706
-0.004094,1,789.852385
-0.006099,1,790.043024
-0.001587,1,790.253763
-0.00069,1,790.460208
-0.000186,1,790.663419
-0.004161,1,790.86419
-0.013251,1,791.066586
-0.007404,1,791.257285
-0.008286,1,791.455663
-0.001555,1,791.660628
0.0,1,791.87524
0.001513,1,792.074265
-0.011207,1,792.293174
-0.006538,1,792.494525
-0.003192,1,792.704259
-0.001703,1,792.914967
0.0,1,793.11415
-0.003633,1,793.314835
-0.008035,1,793.525591
0.021271,1,793.728014
-0.020611,1,793.939447
-0.001017,1,794.162292
0.001969,1,794.394087
0.0,1,794.614509
-0.000435,1,794.810979
0.001987,1,795.026452
0.000331,1,795.247672
-0.001386,1,795.456904
-0.006123,1,795.660332
-0.000682,1,795.861481
-0.013168,1,796.0727
0.028077,1,796.289287
-0.001198,1,796.497115
-0.002484,1,796.70383
0.012049,1,796.918483
-0.017852,1,797.131902
0.001523,1,797.335647
0.000816,1,797.546274
3.6e-05,1,797.746862
-0.01699,1,797.950003
0.000253,1,798.150293
-0.004414,1,798.351184
-0.001092,1,798.564264
-0.001303,1,798.772366
-0.001266,1,798.974765
-0.000764,1,799.176395
-0.000143,1,799.396325
-0.00476,1,799.607924
-0.001154,1,799.809426
0.002897,1,800.029974
0.002894,1,800.255277
0.00786,1,800.69745
-0.002319,1,800.918256
0.019682,1,801.11883
-0.000985,1,801.329953
-0.008919,1,801.551437
-0.025179,1,801.757184
-0.019259,1,801.963717
0.0,1,802.179845
-0.054824,1,802.381639
9.6e-05,1,802.602278
-0.006012,1,802.811026
-0.002675,1,803.012227
5.1e-05,1,803.224618
0.000248,1,803.425287
-0.001853,1,803.636636
-0.000743,1,803.837073
-0.007415,1,804.047807
-0.00411,1,804.248671
-0.01711,1,804.457329
-0.016646,1,804.657904
-0.012338,1,804.858285
-0.029876,1,805.050908
-0.008315,1,805.251592
0.010304,1,805.505971
-0.006665,1,805.712924
0.000532,1,805.933407
0.008145,1,806.152158
0.002957,1,806.355317
-0.03118,1,806.564037
-0.01305,1,806.764641
0.030069,1,806.977175
-0.026729,1,807.185663
-0.037754,1,807.388914
-0.010755,1,807.599603
-0.008597,1,807.810219
-0.001051,1,808.019187
-0.004699,1,808.241897
-0.018661,1,808.460865
-0.007059,1,808.67152
-0.002096,1,808.874167
-0.001204,1,809.104999
-0.002041,1,809.3158
-0.00329,1,809.516826
-0.002979,1,809.735503
-0.00166,1,809.948212
0.0,1,810.158981
0.0,1,810.346248
-0.000797,1,810.552688
0.000371,1,810.761469
-0.012661,1,810.990379
-0.003422,1,811.203166
-0.002226,1,811.411828
0.001514,1,811.634929
-0.002364,1,811.845623
-0.002236,1,812.046305
-0.005339,1,812.254874
-0.017182,1,812.44739
-0.01074,1,812.648373
-0.002591,1,812.867073
-0.005613,1,813.06967
-0.001379,1,813.278376
0.0,1,813.613111
-0.002445,1,813.798049
-0.001907,1,813.992564
-0.00203,1,814.1932
-0.00037,1,814.404141
-0.001099,1,814.604773
-0.001066,1,814.805883
0.000167,1,815.006532
-0.000229,1,815.215335
-0.031049,1,815.436329
-0.001935,1,815.649143
-0.001221,1,815.860072
0.004346,1,816.060684
0.0,1,816.279389
-0.096047,1,816.507569
-0.014681,1,816.723532
0.05825,1,816.974782
-0.029828,1,817.195485
0.001815,1,817.404978
-0.032486,1,817.617083
0.200128,1,817.855817
-0.050295,1,818.059112
-0.152842,1,818.287822
-0.008807,1,818.48067
0.000459,1,818.701375
0.033294,1,818.952163
-0.024347,1,819.161085
-0.000788,1,819.373744
-0.010006,1,819.585019
-0.039141,1,819.815756
-0.008572,1,820.024487
-0.004031,1,820.217136
-0.003409,1,820.417893
-0.020921,1,820.619153
-0.01426,1,820.838012
-0.012627,1,821.040637
-0.042229,1,821.415421
-0.001,1,821.622503
-0.00149,1,821.83106
-0.001374,1,822.031662
0.0,1,822.254401
-0.000985,1,822.446422
-0.000995,1,822.665144
-0.001998,1,822.86835
-0.011798,1,823.079006
-0.007095,1,823.279552
-0.013041,1,823.480081
-0.012123,1,823.700832
-0.00042,1,823.92145
-0.001438,1,824.122145
-5e-05,1,824.323381
0.000924,1,824.534204
0.0,1,824.773054
-9.7e-05,1,824.965956
-0.002528,1,825.177393
-0.001993,1,825.37823
-0.000709,1,825.589029
0.002459,1,825.817778
0.002401,1,826.031373
-0.001865,1,826.242071
0.007419,1,826.451178
0.000201,1,826.66187
-0.002175,1,826.874606
-0.005849,1,827.085781
0.000995,1,827.286359
0.022456,1,827.521199
-0.000335,1,827.726308
-0.000129,1,827.926895
-0.010814,1,828.120217
-0.022683,1,828.320842
-0.004678,1,828.511446
-0.01396,1,828.724376
-0.000502,1,828.931912
-0.000581,1,829.13239
-0.001509,1,829.343045
-0.029141,1,829.555738
0.001749,1,829.777222
-0.001912,1,829.977903
0.0,1,830.186782
-0.00262,1,830.375192
-0.001866,1,830.579934
-0.001642,1,830.791346
-0.000327,1,831.002057
-0.002142,1,831.210742
-0.002092,1,831.413377
-0.032197,1,831.704917
-0.04457,1,831.963944
-0.012273,1,832.194708
-0.010935,1,832.405479
-0.018691,1,832.626149
-0.001771,1,832.837132
-0.001451,1,833.039719
0.0,1,833.26843
-0.004642,1,833.514933
-0.002015,1,833.733765
-0.0022,1,833.936332
-0.001773,1,834.136965
0.001252,1,834.337633
-0.015728,1,834.558438
-0.012416,1,834.769079
0.0,1,834.969589
-0.001268,1,835.17027
-0.001124,1,835.371143
-0.003551,1,835.580252
0.0043,1,835.781767
-0.004961,1,835.994036
-0.012884,1,836.199426
0.000209,1,836.409661
-0.005206,1,836.621984
-0.00111,1,836.83473
0.004262,1,837.057626
-0.027592,1,837.269589
0.023628,1,837.482918
-0.013919,1,837.682091
-0.034067,1,837.882195
-0.003175,1,838.086232
-0.002502,1,838.297678
-0.00413,1,838.51955
-0.003746,1,838.726762
-0.004557,1,838.926714
0.0,1,839.158502
-0.000268,1,839.362206
-0.007611,1,839.59132
-0.004319,1,839.800974
0.002847,1,840.01846
-0.000231,1,840.23951
-0.000547,1,840.441193
-0.001313,1,840.643718
0.018118,1,840.868904
-0.02632,1,841.09271
-0.054534,1,841.308607
-0.004518,1,841.52351
-0.035701,1,841.734299
0.01742,1,841.939566
-0.024006,1,842.152061
-0.005535,1,842.365121
-0.0005,1,842.565926
-0.002096,1,842.784649
-0.006808,1,842.995923
-0.00712,1,843.198626
-0.001158,1,843.400482
0.0,1,843.60119
-0.00079,1,843.795435
-0.028144,1,844.010542
-0.010483,1,844.213212
-0.023494,1,844.413921
0.003279,1,844.623241
-0.008995,1,844.816005
-0.00545,1,845.007315
-0.003301,1,845.206009
-0.008503,1,845.408777
-0.00566,1,845.600137
-0.003246,1,845.800808
-0.000805,1,846.0059
-0.006031,1,846.218333
-0.018889,1,846.420142
-0.01298,1,846.619912
-0.023621,1,846.826917
0.00055,1,847.028723
-0.002191,1,847.235503
-0.000967,1,847.437706
-0.001872,1,847.649546
-0.002534,1,847.868353
-0.001711,1,848.081016
-0.018194,1,848.28193
-0.066224,1,848.492561
-0.007577,1,848.693535
-0.000674,1,848.892236
0.0,1,849.092887
-0.015974,1,849.27511
-0.006265,1,849.508531
-7.5e-05,1,849.7178
-0.001574,1,849.920292
-0.002028,1,850.131168
0.000162,1,850.340603
0.00139,1,850.553336
-0.000362,1,850.754061
-0.009449,1,850.955656
0.000593,1,851.166476
-0.003002,1,851.367629
0.04191,1,851.627614
-0.006433,1,851.836998
-0.005782,1,852.029396
-0.012393,1,852.220083
-0.006451,1,852.419263
-0.009652,1,852.611888
0.0,1,852.812546
-0.002035,1,853.008899
-0.028124,1,853.234287
-0.000494,1,853.440887
-0.001405,1,853.646609
0.000313,1,853.847348
0.0,1,854.058534
-0.032167,1,854.248409
-0.025887,1,854.469583
-0.000178,1,854.673023
-0.001508,1,854.873993
-0.000441,1,855.075054
-0.006011,1,855.293975
-0.004714,1,855.504727
0.005086,1,855.726667
-0.005986,1,855.929302
0.0,1,856.138674
-0.016169,1,856.326974
-1.8e-05,1,856.531745
-0.000909,1,856.745811
-0.012415,1,856.965822
-0.005066,1,857.189724
-0.000952,1,857.397487
-0.000137,1,857.602607
-0.001773,1,857.803717
-0.046968,1,858.011336
-0.001271,1,858.213243
-0.050954,1,858.421913
0.0,1,858.624639
-0.000262,1,858.826486
-0.004325,1,859.037828
0.000809,1,859.234643
-0.018449,1,859.42889
-0.000867,1,859.628479
-0.001735,1,859.846721
0.001406,1,860.059977
-0.007811,1,860.280817
0.000193,1,860.492547
0.000295,1,860.693379
3.7e-05,1,860.902743
-0.002012,1,861.105557
-0.000435,1,861.394181
-0.001641,1,861.598972
0.001751,1,861.807796
-0.004506,1,862.019699
0.000406,1,862.222401
-0.000927,1,862.421119
0.0,1,862.624757
0.000137,1,862.810032
-0.001045,1,863.016553
-0.000272,1,863.217128
-0.003039,1,863.427798
-0.004374,1,863.629431
-2.5e-05,1,863.838021
-0.017689,1,864.051534
-0.007916,1,864.25119
0.005302,1,864.47986
-0.005536,1,864.690206
0.00209,1,864.928659
-0.00569,1,865.142357
-0.022544,1,865.363125
-0.010472,1,865.628539
-0.019367,1,865.839489
-0.009589,1,866.079484
0.0,1,866.288252
-0.033069,1,866.476659
0.001645,1,866.750555
-0.001338,1,866.963249
0.06197,1,867.202054
0.0,1,867.412178
-0.010331,1,867.597493
-0.014048,1,867.839048
-0.015556,1,868.165678
-0.003987,1,868.382047
-0.002213,1,868.602767
0.012287,1,868.823553
-0.0081,1,869.022301
-0.006822,1,869.215019
-0.00035,1,869.415777
-0.002405,1,869.626651
-0.001857,1,869.845336
-0.001857,1,870.047894
-0.002701,1,870.248578
-0.009014,1,870.467489
-0.01778,1,870.67818
0.007753,1,870.891032
-0.001418,1,871.091765
0.002165,1,871.302499
0.005033,1,871.521186
-0.009969,1,871.723764
0.001497,1,871.952592
0.000113,1,872.155293
-0.0022,1,872.36598
-0.006617,1,872.594782
-0.00931,1,872.805411
-0.008395,1,873.026155
-0.002901,1,873.246891
-0.003906,1,873.447498
-0.00405,1,873.658158
-0.005006,1,873.878784
-0.008634,1,874.079374
-0.010108,1,874.271938
0.0,1,874.482669
0.002039,1,874.674735
-0.003301,1,874.895672
-0.01133,1,875.10646
-0.020103,1,875.307184
-0.012698,1,875.50575
-0.004744,1,875.728802
-0.00084,1,875.929606
-0.000911,1,876.140304
-0.001092,1,876.361012
-0.002527,1,876.569635
-0.002187,1,876.769871
-0.000673,1,877.002658
-0.008493,1,877.193272
-0.008455,1,877.393924
-0.001801,1,877.594587
-0.002076,1,877.805108
-0.001098,1,878.006024
-0.002608,1,878.246875
0.002174,1,878.50128
0.002545,1,878.736395
0.0002,1,878.947071
-0.00317,1,879.159829
-0.004253,1,879.374688
-0.000497,1,879.57851
0.000766,1,879.782229
4.4e-05,1,879.991
-0.000788,1,880.203781
-0.007291,1,880.394402
-0.009631,1,880.595104
-0.009372,1,880.795901
-0.027619,1,881.014877
0.000686,1,881.237591
-0.000976,1,881.478338
-0.00048,1,881.679012
-0.000535,1,881.899812
3.3e-05,1,882.120495
-0.001622,1,882.359235
0.001652,1,882.59
-0.066072,1,882.812682
0.014442,1,883.033412
0.0,1,883.224057
-0.023525,1,883.432546
-0.018589,1,883.633159
-0.000193,1,883.835863
-0.001509,1,884.036588
-0.001446,1,884.247251
0.001427,1,884.491643
-0.011668,1,884.688597
-0.012447,1,884.919381
0.002958,1,885.140196
0.000403,1,885.340797
0.015899,1,885.561535
-0.001283,1,885.77043
-0.005051,1,885.991183
-0.00275,1,886.203774
-3.7e-05,1,886.404405
0.0,1,886.60504
-0.000383,1,886.92393
0.063653,1,887.156839
0.053021,1,887.387604
-0.013812,1,887.59833
-0.035102,1,887.809326
-0.012612,1,888.020098
-0.026294,1,888.220743
-0.039187,1,888.421445
-0.011303,1,888.63221
-0.003905,1,888.832766
0.0,1,889.063619
-0.000921,1,889.264403
-0.002202,1,889.475217
-0.001689,1,889.675859
-0.001859,1,889.894576
-0.000303,1,890.09731
0.000981,1,890.316098
-0.000658,1,890.556826
-0.045781,1,890.759442
-0.061217,1,890.968215
-0.004086,1,891.191202
-0.020611,1,891.402043
-0.023036,1,891.620666
-0.008095,1,891.813313
0.0,1,892.013986
-0.007202,1,892.195962
-0.018947,1,892.386534
-0.024372,1,892.607351
-0.015687,1,892.817975
0.00358,1,893.018529
-0.017099,1,893.219165
-0.024588,1,893.409778
-0.026756,1,893.628452
-0.002549,1,893.831127
-0.001752,1,894.059846
0.000188,1,894.270435
-0.00166,1,894.473061
-0.005599,1,894.683791
-0.002966,1,894.892434
-0.00358,1,895.095013
-0.071832,1,895.314048
-0.00228,1,895.526761
-0.011597,1,895.727422
-0.003804,1,895.938107
-0.0145,1,896.156871
-0.00612,1,896.359459
-0.015385,1,896.570085
-0.038134,1,896.770718
-0.010609,1,896.979423
0.03154,1,897.191931
-0.010367,1,897.402601
-0.005362,1,897.601147
0.001473,1,897.793801
-0.01172,1,897.994531
-0.006371,1,898.185199
-0.00098,1,898.395845
-0.001926,1,898.604522
-0.0079,1,898.805057
-0.017786,1,898.997692
0.001897,1,899.20841
-0.014017,1,899.409042
-0.007496,1,899.617692
-0.015541,1,899.830398
-0.003739,1,900.039115
-0.000805,1,900.24006
0.0,1,900.432607
-0.002531,1,900.615945
-0.001258,1,900.825724
-0.000188,1,909.076646
-0.000539,1,909.283648
0.0,1,909.502341
-0.019408,1,909.704952
-0.018473,1,909.905622
0.005786,1,910.114429
0.002279,1,910.327145
-0.048038,1,910.537886
-0.075677,1,910.748612
